0.000000,0.000000,0.000000,0.000000,0.000000,0.000000,0.000000,0.000000,0.000000,0.000000,0.000000,0.000000,0.000000,0.000000,1.000000,1.000000,1.000000,0.872070,0.000000,0.000000,0.000000,0.000000,0.000000,0.000000,0.000000,1.000000,1.000000,1.000000,1.000000,0.000000,0.000000,0.000000,0.000000,0.000000,0.000000,0.000000,0.000000,0.000000,0.000000,0.000000,0.000000,0.000000,0.000000,0.000000,0.000000,0.000000,0.000000,0.000000,0.000000,0.000000,0.000000,0.000000,0.873027,0.000000,0.000000,0.000000,0.000000,0.000000,0.000000,0.000000,0.000000,0.000000,0.000000,0.000000,0.000000,0.000000,0.000000,0.000000,0.000000,0.000000,0.000000,0.000000,0.000000,0.000000,0.000000,0.000000,0.000000,0.000000,0.000000,0.000000,0.000000,0.000000,0.000000,0.000000,0.000000,0.000000,0.000000,0.000000,0.000000,0.000000,0.000000,0.000000,0.000000,0.000000,0.000000,0.000000,0.000000,0.000000,0.000000,0.000000
0.000000,0.000000,0.000000,0.000000,0.000000,0.000000,0.000000,0.000000,0.000000,0.000000,0.000000,0.000000,0.000000,1.000000,1.000000,1.000000,1.000000,1.000000,0.984736,0.000000,0.000000,0.000000,0.000000,0.000000,1.000000,1.000000,1.000000,1.000000,1.000000,1.000000,0.000000,0.000000,0.000000,0.000000,0.000000,0.000000,0.000000,0.000000,1.000000,1.000000,1.000000,0.880563,0.000000,0.000000,0.000000,0.000000,0.000000,0.000000,0.000000,0.000000,1.000000,1.000000,1.000000,1.000000,1.000000,0.000000,0.000000,0.000000,0.000000,0.000000,0.000000,0.000000,0.000000,0.000000,0.000000,0.000000,0.000000,0.000000,0.000000,0.000000,1.000000,1.000000,1.000000,0.873504,0.000000,0.000000,0.000000,0.000000,0.000000,0.000000,0.000000,0.000000,0.000000,0.000000,0.000000,0.000000,0.000000,0.000000,0.000000,0.000000,0.000000,0.000000,0.000000,0.000000,0.000000,0.000000,0.000000,0.000000,0.000000,0.000000
0.000000,0.000000,0.000000,0.961033,0.000000,0.000000,0.000000,0.000000,0.000000,0.000000,0.000000,0.000000,1.000000,1.000000,1.000000,1.000000,1.000000,1.000000,1.000000,0.000000,0.000000,0.000000,0.000000,0.991953,1.000000,1.000000,1.000000,1.000000,1.000000,1.000000,0.000000,0.000000,0.000000,0.000000,0.000000,0.000000,0.000000,1.000000,1.000000,1.000000,1.000000,1.000000,0.895666,0.000000,0.000000,0.000000,0.000000,0.000000,0.000000,0.980152,1.000000,1.000000,1.000000,1.000000,1.000000,1.000000,0.000000,0.000000,0.000000,0.000000,0.000000,0.000000,0.000000,0.000000,0.000000,0.000000,0.000000,0.000000,0.000000,1.000000,1.000000,1.000000,1.000000,1.000000,1.000000,0.000000,0.000000,0.000000,0.000000,0.000000,0.000000,0.000000,0.000000,0.000000,0.000000,0.000000,0.000000,0.000000,0.000000,0.000000,0.000000,0.000000,0.000000,0.000000,0.000000,0.000000,0.000000,0.000000,0.000000,0.000000
0.000000,1.000000,1.000000,1.000000,1.000000,1.000000,0.000000,0.000000,0.000000,0.000000,0.000000,0.000000,1.000000,1.000000,1.000000,1.000000,1.000000,1.000000,1.000000,0.000000,0.000000,0.000000,0.000000,1.000000,1.000000,1.000000,1.000000,1.000000,1.000000,1.000000,0.861474,0.000000,1.000000,1.000000,0.000000,0.000000,1.000000,1.000000,1.000000,1.000000,1.000000,1.000000,1.000000,0.000000,0.000000,1.000000,1.000000,0.939982,0.000000,1.000000,1.000000,1.000000,1.000000,1.000000,1.000000,1.000000,0.000000,0.000000,0.000000,0.000000,0.000000,0.000000,0.000000,0.000000,0.000000,0.000000,0.000000,0.000000,1.000000,1.000000,1.000000,1.000000,1.000000,1.000000,1.000000,0.000000,0.000000,0.000000,0.000000,0.000000,0.000000,0.000000,0.000000,0.000000,0.998835,1.000000,0.000000,0.000000,0.000000,0.000000,0.000000,0.000000,0.000000,0.000000,0.941895,0.915247,0.000000,0.000000,0.000000,0.000000
1.000000,1.000000,1.000000,1.000000,1.000000,1.000000,1.000000,0.000000,0.000000,0.932159,0.996964,0.000000,1.000000,1.000000,1.000000,1.000000,1.000000,1.000000,1.000000,0.000000,1.000000,1.000000,0.979072,0.993910,1.000000,1.000000,1.000000,1.000000,1.000000,1.000000,1.000000,1.000000,1.000000,1.000000,1.000000,0.965560,1.000000,1.000000,1.000000,1.000000,1.000000,1.000000,1.000000,0.997248,1.000000,1.000000,1.000000,1.000000,1.000000,1.000000,1.000000,1.000000,1.000000,1.000000,1.000000,1.000000,0.000000,1.000000,1.000000,1.000000,1.000000,0.000000,0.000000,0.000000,0.000000,0.000000,0.000000,0.000000,1.000000,1.000000,1.000000,1.000000,1.000000,1.000000,1.000000,0.000000,0.000000,1.000000,1.000000,0.882422,0.000000,0.000000,0.932463,1.000000,1.000000,1.000000,1.000000,1.000000,0.000000,0.000000,0.000000,0.000000,1.000000,1.000000,1.000000,1.000000,1.000000,0.872173,0.000000,0.000000
1.000000,1.000000,1.000000,1.000000,1.000000,1.000000,1.000000,0.000000,1.000000,1.000000,1.000000,1.000000,1.000000,1.000000,1.000000,1.000000,1.000000,1.000000,1.000000,1.000000,1.000000,1.000000,1.000000,1.000000,1.000000,1.000000,1.000000,1.000000,1.000000,1.000000,1.000000,1.000000,1.000000,1.000000,1.000000,1.000000,1.000000,1.000000,1.000000,1.000000,1.000000,1.000000,1.000000,1.000000,1.000000,1.000000,1.000000,1.000000,1.000000,1.000000,1.000000,1.000000,1.000000,1.000000,1.000000,1.000000,1.000000,1.000000,1.000000,1.000000,1.000000,1.000000,0.000000,0.000000,1.000000,1.000000,1.000000,1.000000,1.000000,1.000000,1.000000,1.000000,1.000000,1.000000,1.000000,1.000000,1.000000,1.000000,1.000000,1.000000,1.000000,0.000000,1.000000,1.000000,1.000000,1.000000,1.000000,1.000000,0.000000,0.000000,0.000000,0.000000,1.000000,1.000000,1.000000,1.000000,1.000000,1.000000,0.000000,0.000000
1.000000,1.000000,1.000000,1.000000,1.000000,1.000000,1.000000,1.000000,1.000000,1.000000,1.000000,1.000000,1.000000,1.000000,1.000000,1.000000,1.000000,1.000000,1.000000,1.000000,1.000000,1.000000,1.000000,1.000000,1.000000,1.000000,1.000000,1.000000,1.000000,1.000000,1.000000,1.000000,1.000000,1.000000,1.000000,1.000000,1.000000,1.000000,1.000000,1.000000,1.000000,1.000000,0.931018,1.000000,1.000000,1.000000,1.000000,1.000000,1.000000,1.000000,1.000000,1.000000,1.000000,1.000000,1.000000,1.000000,1.000000,1.000000,1.000000,1.000000,1.000000,1.000000,0.000000,1.000000,1.000000,1.000000,1.000000,1.000000,1.000000,1.000000,1.000000,1.000000,1.000000,1.000000,1.000000,1.000000,1.000000,1.000000,1.000000,1.000000,1.000000,0.879232,1.000000,1.000000,1.000000,1.000000,1.000000,1.000000,1.000000,0.000000,0.000000,1.000000,1.000000,1.000000,1.000000,1.000000,1.000000,1.000000,0.865242,0.000000
1.000000,1.000000,1.000000,1.000000,1.000000,1.000000,1.000000,1.000000,1.000000,1.000000,1.000000,1.000000,1.000000,1.000000,0.000000,0.000000,0.000000,0.000000,1.000000,1.000000,1.000000,1.000000,1.000000,1.000000,1.000000,0.000000,0.000000,0.000000,0.000000,1.000000,1.000000,1.000000,1.000000,1.000000,1.000000,1.000000,0.912918,0.907963,1.000000,1.000000,1.000000,0.933499,0.000000,1.000000,1.000000,1.000000,1.000000,1.000000,1.000000,1.000000,0.000000,0.943192,1.000000,1.000000,0.000000,1.000000,1.000000,1.000000,1.000000,1.000000,1.000000,1.000000,1.000000,1.000000,1.000000,1.000000,1.000000,1.000000,1.000000,0.885195,1.000000,1.000000,1.000000,1.000000,0.917308,1.000000,1.000000,1.000000,1.000000,1.000000,1.000000,1.000000,1.000000,1.000000,1.000000,1.000000,1.000000,1.000000,1.000000,0.000000,0.000000,1.000000,1.000000,1.000000,1.000000,1.000000,1.000000,1.000000,0.874884,0.000000
0.000000,1.000000,1.000000,1.000000,1.000000,1.000000,0.000000,1.000000,1.000000,1.000000,1.000000,1.000000,1.000000,1.000000,0.000000,0.000000,0.000000,0.000000,1.000000,1.000000,1.000000,1.000000,1.000000,1.000000,1.000000,0.000000,0.000000,0.000000,0.000000,0.000000,1.000000,1.000000,1.000000,1.000000,1.000000,1.000000,0.000000,0.000000,0.000000,0.000000,0.000000,0.000000,0.000000,1.000000,1.000000,1.000000,1.000000,1.000000,1.000000,0.000000,0.000000,0.000000,0.000000,0.000000,0.000000,1.000000,1.000000,1.000000,1.000000,1.000000,1.000000,1.000000,1.000000,1.000000,1.000000,1.000000,1.000000,1.000000,1.000000,0.000000,0.000000,0.000000,0.000000,0.000000,0.868009,1.000000,1.000000,1.000000,1.000000,1.000000,1.000000,1.000000,1.000000,1.000000,1.000000,1.000000,1.000000,1.000000,0.000000,0.000000,0.000000,0.000000,1.000000,1.000000,1.000000,1.000000,1.000000,1.000000,0.000000,0.000000
0.000000,0.000000,0.897396,1.000000,0.897396,0.000000,0.000000,1.000000,1.000000,1.000000,1.000000,1.000000,1.000000,0.898458,0.000000,0.000000,0.000000,0.000000,1.000000,1.000000,1.000000,1.000000,1.000000,1.000000,0.946126,0.000000,0.000000,0.000000,0.000000,0.000000,0.962162,1.000000,1.000000,1.000000,1.000000,0.899044,0.000000,0.000000,0.000000,0.000000,0.000000,0.000000,0.000000,0.000000,1.000000,1.000000,1.000000,1.000000,0.913927,0.000000,0.000000,0.000000,0.000000,0.000000,0.000000,0.000000,1.000000,1.000000,1.000000,1.000000,1.000000,1.000000,1.000000,1.000000,1.000000,1.000000,1.000000,1.000000,1.000000,0.000000,0.000000,0.000000,0.000000,0.000000,0.000000,1.000000,1.000000,1.000000,1.000000,1.000000,1.000000,0.000000,0.863951,1.000000,1.000000,1.000000,1.000000,0.993619,0.000000,0.000000,0.000000,0.000000,1.000000,1.000000,1.000000,1.000000,1.000000,0.920736,0.000000,0.000000
0.000000,0.000000,0.000000,0.000000,0.000000,0.991488,0.925969,0.000000,1.000000,1.000000,1.000000,1.000000,1.000000,0.000000,0.907836,1.000000,1.000000,1.000000,1.000000,1.000000,1.000000,1.000000,1.000000,1.000000,0.000000,0.000000,0.000000,0.000000,0.902761,0.942252,0.000000,0.000000,0.923485,0.910909,0.000000,0.000000,0.000000,0.000000,0.000000,0.000000,0.000000,0.000000,0.000000,0.000000,0.000000,0.000000,0.000000,0.000000,0.000000,0.000000,0.000000,0.000000,0.000000,0.000000,0.000000,0.000000,0.000000,1.000000,1.000000,1.000000,1.000000,0.000000,0.000000,1.000000,1.000000,1.000000,1.000000,1.000000,1.000000,0.000000,0.000000,0.000000,0.000000,0.000000,0.000000,0.000000,1.000000,1.000000,1.000000,1.000000,0.882739,0.000000,0.000000,0.000000,0.901514,0.927344,0.000000,0.000000,0.000000,0.000000,0.000000,0.000000,0.000000,0.000000,1.000000,0.984257,0.000000,0.000000,0.000000,0.000000
0.000000,0.000000,0.000000,1.000000,1.000000,1.000000,1.000000,1.000000,0.000000,0.917565,0.982102,0.000000,0.000000,0.000000,1.000000,1.000000,1.000000,1.000000,1.000000,1.000000,0.000000,0.000000,0.000000,0.000000,0.000000,0.000000,0.000000,1.000000,1.000000,1.000000,1.000000,1.000000,0.000000,0.000000,0.000000,1.000000,1.000000,1.000000,1.000000,0.000000,0.000000,0.000000,1.000000,1.000000,1.000000,1.000000,0.000000,0.000000,0.901830,1.000000,1.000000,1.000000,1.000000,0.000000,0.000000,0.000000,0.000000,0.000000,0.000000,0.000000,0.000000,0.000000,0.000000,0.000000,1.000000,1.000000,1.000000,1.000000,0.000000,0.000000,0.000000,0.000000,0.000000,0.000000,0.000000,0.000000,0.000000,0.000000,0.000000,0.000000,0.000000,0.000000,0.000000,0.000000,0.000000,0.000000,0.000000,0.000000,0.000000,1.000000,1.000000,1.000000,1.000000,1.000000,0.000000,0.000000,0.000000,0.000000,0.000000,0.000000
0.000000,0.000000,0.904934,1.000000,1.000000,1.000000,1.000000,1.000000,1.000000,0.000000,0.000000,0.000000,0.000000,1.000000,1.000000,1.000000,1.000000,1.000000,1.000000,1.000000,0.000000,0.000000,0.000000,0.000000,0.000000,0.000000,1.000000,1.000000,1.000000,1.000000,1.000000,1.000000,0.000000,0.000000,1.000000,1.000000,1.000000,1.000000,1.000000,1.000000,0.000000,1.000000,1.000000,1.000000,1.000000,1.000000,1.000000,0.000000,1.000000,1.000000,1.000000,1.000000,1.000000,1.000000,0.000000,0.000000,0.000000,0.996363,0.970837,0.000000,0.000000,0.000000,0.000000,0.000000,0.000000,0.000000,0.000000,0.000000,0.000000,0.000000,0.000000,1.000000,1.000000,1.000000,1.000000,1.000000,0.000000,0.000000,0.000000,0.000000,0.000000,0.000000,0.000000,0.000000,0.000000,0.000000,0.000000,0.000000,1.000000,1.000000,1.000000,1.000000,1.000000,1.000000,1.000000,0.000000,0.000000,0.000000,0.000000,0.000000
0.000000,0.000000,1.000000,1.000000,1.000000,1.000000,1.000000,1.000000,1.000000,0.000000,0.000000,0.000000,0.000000,1.000000,1.000000,1.000000,1.000000,1.000000,1.000000,1.000000,0.000000,0.000000,0.000000,0.000000,0.000000,0.000000,1.000000,1.000000,1.000000,1.000000,1.000000,1.000000,1.000000,1.000000,1.000000,1.000000,1.000000,1.000000,1.000000,1.000000,0.972742,1.000000,1.000000,1.000000,1.000000,1.000000,1.000000,1.000000,1.000000,1.000000,1.000000,1.000000,1.000000,1.000000,0.000000,1.000000,1.000000,1.000000,1.000000,1.000000,0.914726,0.000000,0.000000,0.000000,0.000000,0.000000,0.000000,0.000000,0.000000,0.000000,0.963741,1.000000,1.000000,1.000000,1.000000,1.000000,1.000000,0.000000,0.000000,0.000000,0.000000,0.000000,0.000000,0.000000,0.000000,0.000000,0.000000,0.000000,1.000000,1.000000,1.000000,1.000000,1.000000,1.000000,1.000000,0.000000,0.000000,0.000000,0.000000,0.000000
0.000000,0.000000,1.000000,1.000000,1.000000,1.000000,1.000000,1.000000,1.000000,0.000000,0.000000,0.000000,0.000000,1.000000,1.000000,1.000000,1.000000,1.000000,1.000000,1.000000,0.000000,0.000000,0.000000,0.000000,0.000000,0.000000,1.000000,1.000000,1.000000,1.000000,1.000000,1.000000,1.000000,1.000000,1.000000,1.000000,1.000000,1.000000,1.000000,1.000000,1.000000,1.000000,1.000000,1.000000,1.000000,1.000000,1.000000,1.000000,1.000000,1.000000,1.000000,1.000000,1.000000,1.000000,0.893813,1.000000,1.000000,1.000000,1.000000,1.000000,1.000000,0.000000,0.000000,0.000000,0.000000,0.000000,0.000000,0.000000,0.000000,0.000000,1.000000,1.000000,1.000000,1.000000,1.000000,1.000000,1.000000,0.000000,0.000000,0.000000,0.000000,0.000000,0.000000,0.000000,0.000000,0.000000,0.000000,0.000000,1.000000,1.000000,1.000000,1.000000,1.000000,1.000000,1.000000,0.000000,0.000000,0.000000,0.000000,0.000000
0.000000,0.000000,0.903485,1.000000,1.000000,1.000000,1.000000,1.000000,1.000000,0.000000,0.000000,0.000000,0.000000,0.000000,1.000000,1.000000,1.000000,1.000000,1.000000,0.957420,0.000000,0.000000,0.000000,0.000000,0.000000,0.000000,1.000000,1.000000,1.000000,1.000000,1.000000,1.000000,0.000000,1.000000,1.000000,1.000000,1.000000,1.000000,1.000000,1.000000,0.983241,1.000000,1.000000,1.000000,1.000000,1.000000,1.000000,0.000000,1.000000,1.000000,1.000000,1.000000,1.000000,1.000000,1.000000,1.000000,1.000000,1.000000,1.000000,1.000000,1.000000,0.879076,0.000000,0.000000,0.000000,0.000000,0.000000,0.000000,0.000000,0.000000,1.000000,1.000000,1.000000,1.000000,1.000000,1.000000,1.000000,0.000000,0.000000,0.000000,0.000000,0.000000,0.000000,0.000000,0.000000,0.000000,0.000000,0.000000,1.000000,1.000000,1.000000,1.000000,1.000000,1.000000,1.000000,0.000000,0.000000,0.000000,0.000000,0.000000
0.000000,0.000000,0.000000,1.000000,1.000000,1.000000,1.000000,1.000000,0.000000,1.000000,1.000000,1.000000,0.000000,0.000000,0.000000,1.000000,1.000000,1.000000,0.867711,0.000000,0.000000,0.000000,0.000000,0.000000,0.000000,0.000000,0.890250,1.000000,1.000000,1.000000,1.000000,1.000000,0.000000,0.000000,1.000000,1.000000,1.000000,1.000000,1.000000,1.000000,0.000000,1.000000,1.000000,1.000000,1.000000,1.000000,1.000000,0.000000,1.000000,1.000000,1.000000,1.000000,1.000000,1.000000,1.000000,1.000000,1.000000,1.000000,1.000000,1.000000,1.000000,0.873825,0.000000,0.000000,0.000000,0.000000,0.000000,0.000000,0.000000,0.000000,1.000000,1.000000,1.000000,1.000000,1.000000,1.000000,1.000000,0.000000,0.000000,0.000000,0.000000,0.000000,0.000000,0.000000,0.000000,0.000000,0.000000,0.000000,0.000000,1.000000,1.000000,1.000000,1.000000,1.000000,0.000000,0.000000,0.000000,0.000000,0.000000,0.000000
0.000000,0.000000,0.988019,1.000000,0.988019,0.988024,0.922569,0.000000,1.000000,1.000000,1.000000,1.000000,1.000000,0.863482,0.000000,0.000000,0.000000,0.000000,0.000000,0.000000,0.000000,0.000000,0.000000,0.000000,0.000000,0.000000,0.000000,0.000000,0.981546,1.000000,0.000000,0.000000,0.000000,0.000000,0.000000,1.000000,1.000000,1.000000,1.000000,0.000000,0.000000,0.000000,1.000000,1.000000,1.000000,1.000000,0.000000,0.000000,0.000000,0.888817,1.000000,1.000000,0.000000,0.000000,0.000000,1.000000,1.000000,1.000000,1.000000,1.000000,1.000000,0.000000,0.000000,0.000000,0.000000,0.000000,0.000000,0.000000,0.000000,0.000000,0.000000,1.000000,1.000000,1.000000,1.000000,1.000000,0.000000,0.000000,0.000000,0.000000,0.000000,0.000000,0.000000,0.000000,0.000000,0.000000,0.914642,1.000000,1.000000,1.000000,1.000000,1.000000,1.000000,0.000000,0.000000,0.880343,0.000000,0.000000,0.000000,0.000000
0.000000,1.000000,1.000000,1.000000,1.000000,1.000000,0.000000,1.000000,1.000000,1.000000,1.000000,1.000000,1.000000,1.000000,0.000000,0.000000,0.000000,0.000000,0.000000,0.000000,0.000000,0.000000,0.000000,0.000000,0.000000,1.000000,1.000000,1.000000,1.000000,1.000000,0.000000,0.000000,0.000000,0.000000,0.000000,0.000000,0.000000,0.000000,0.000000,0.000000,0.000000,0.000000,0.000000,0.000000,0.000000,0.000000,0.000000,0.000000,0.924792,1.000000,0.919718,0.000000,0.000000,0.000000,0.000000,1.000000,1.000000,1.000000,1.000000,1.000000,0.888001,0.000000,0.000000,0.000000,0.000000,0.000000,0.000000,0.000000,0.000000,0.865460,1.000000,0.911176,0.992486,1.000000,1.000000,0.000000,0.000000,0.000000,0.000000,0.000000,0.000000,0.000000,0.000000,0.000000,0.000000,1.000000,1.000000,1.000000,1.000000,1.000000,1.000000,0.000000,0.000000,0.985311,1.000000,1.000000,1.000000,1.000000,0.000000,0.000000
1.000000,1.000000,1.000000,1.000000,1.000000,1.000000,1.000000,1.000000,1.000000,1.000000,1.000000,1.000000,1.000000,1.000000,0.000000,0.000000,0.000000,0.000000,1.000000,1.000000,1.000000,0.911458,0.000000,0.000000,0.926881,1.000000,1.000000,1.000000,1.000000,1.000000,1.000000,0.000000,0.000000,0.861416,1.000000,0.864325,0.000000,0.000000,0.000000,0.000000,1.000000,1.000000,1.000000,1.000000,0.000000,0.000000,0.000000,1.000000,1.000000,1.000000,1.000000,1.000000,0.000000,0.000000,0.000000,0.000000,0.000000,0.956914,0.932076,0.000000,0.000000,0.000000,0.000000,0.000000,0.000000,0.000000,0.000000,0.000000,1.000000,1.000000,1.000000,1.000000,1.000000,0.000000,0.000000,0.000000,1.000000,1.000000,1.000000,1.000000,0.895515,0.000000,0.000000,0.000000,0.000000,1.000000,1.000000,1.000000,1.000000,1.000000,1.000000,1.000000,0.000000,1.000000,1.000000,1.000000,1.000000,1.000000,1.000000,0.000000
1.000000,1.000000,1.000000,1.000000,1.000000,1.000000,1.000000,1.000000,1.000000,1.000000,1.000000,1.000000,1.000000,1.000000,0.000000,0.000000,0.000000,1.000000,1.000000,1.000000,1.000000,1.000000,1.000000,0.000000,1.000000,1.000000,1.000000,1.000000,1.000000,1.000000,1.000000,0.000000,1.000000,1.000000,1.000000,1.000000,1.000000,0.000000,0.000000,1.000000,1.000000,1.000000,1.000000,1.000000,1.000000,0.000000,1.000000,1.000000,1.000000,1.000000,1.000000,1.000000,1.000000,0.000000,0.000000,0.000000,0.000000,0.000000,0.000000,0.000000,0.000000,0.000000,0.000000,0.000000,0.000000,0.000000,0.000000,1.000000,1.000000,1.000000,1.000000,1.000000,1.000000,1.000000,0.000000,1.000000,1.000000,1.000000,1.000000,1.000000,1.000000,0.000000,0.000000,0.000000,0.000000,1.000000,1.000000,1.000000,1.000000,1.000000,1.000000,1.000000,1.000000,1.000000,1.000000,1.000000,1.000000,1.000000,1.000000,0.000000
1.000000,1.000000,1.000000,1.000000,1.000000,1.000000,1.000000,0.899815,1.000000,1.000000,1.000000,1.000000,1.000000,1.000000,0.000000,0.000000,1.000000,1.000000,1.000000,1.000000,1.000000,1.000000,1.000000,0.000000,1.000000,1.000000,1.000000,1.000000,1.000000,1.000000,1.000000,1.000000,1.000000,1.000000,1.000000,1.000000,1.000000,1.000000,0.946141,1.000000,1.000000,1.000000,1.000000,1.000000,1.000000,0.000000,1.000000,1.000000,1.000000,1.000000,1.000000,1.000000,1.000000,0.000000,0.000000,0.000000,0.000000,0.000000,0.000000,0.000000,0.000000,0.000000,0.000000,0.000000,0.000000,0.000000,0.000000,1.000000,1.000000,1.000000,1.000000,1.000000,1.000000,1.000000,0.000000,1.000000,1.000000,1.000000,1.000000,1.000000,1.000000,1.000000,0.000000,0.000000,0.000000,1.000000,1.000000,1.000000,1.000000,1.000000,1.000000,1.000000,1.000000,1.000000,1.000000,1.000000,1.000000,1.000000,1.000000,0.000000
1.000000,1.000000,1.000000,1.000000,1.000000,1.000000,1.000000,0.000000,1.000000,1.000000,1.000000,1.000000,1.000000,0.000000,0.000000,0.000000,1.000000,1.000000,1.000000,1.000000,1.000000,1.000000,1.000000,0.000000,1.000000,1.000000,1.000000,1.000000,1.000000,1.000000,1.000000,1.000000,1.000000,1.000000,1.000000,1.000000,1.000000,1.000000,1.000000,1.000000,1.000000,1.000000,1.000000,1.000000,1.000000,0.916005,1.000000,1.000000,1.000000,1.000000,1.000000,1.000000,1.000000,0.000000,0.000000,0.000000,0.000000,0.000000,0.000000,0.000000,0.000000,0.000000,0.000000,0.000000,0.000000,0.000000,0.000000,1.000000,1.000000,1.000000,1.000000,1.000000,1.000000,1.000000,0.000000,1.000000,1.000000,1.000000,1.000000,1.000000,1.000000,1.000000,0.000000,0.000000,0.000000,1.000000,1.000000,1.000000,1.000000,1.000000,1.000000,0.000000,0.000000,1.000000,1.000000,1.000000,1.000000,1.000000,1.000000,0.000000
0.000000,1.000000,1.000000,1.000000,1.000000,1.000000,0.000000,0.000000,0.000000,0.000000,0.000000,0.000000,0.959233,1.000000,0.997051,0.000000,1.000000,1.000000,1.000000,1.000000,1.000000,1.000000,1.000000,0.000000,0.000000,1.000000,1.000000,1.000000,1.000000,1.000000,0.000000,1.000000,1.000000,1.000000,1.000000,1.000000,1.000000,1.000000,0.937252,1.000000,1.000000,1.000000,1.000000,1.000000,1.000000,0.000000,1.000000,1.000000,1.000000,1.000000,1.000000,1.000000,1.000000,0.000000,0.000000,0.000000,0.000000,1.000000,1.000000,1.000000,0.000000,0.000000,0.000000,0.000000,0.000000,0.000000,0.000000,1.000000,1.000000,1.000000,1.000000,1.000000,1.000000,1.000000,0.000000,1.000000,1.000000,1.000000,1.000000,1.000000,1.000000,1.000000,0.000000,0.000000,0.000000,0.000000,1.000000,1.000000,1.000000,1.000000,0.000000,0.000000,0.000000,1.000000,1.000000,1.000000,1.000000,1.000000,0.935621,0.000000
0.000000,0.000000,0.874171,1.000000,1.000000,0.000000,0.000000,0.000000,0.000000,0.000000,0.000000,1.000000,1.000000,1.000000,1.000000,1.000000,0.000000,1.000000,1.000000,1.000000,1.000000,1.000000,1.000000,0.000000,0.000000,0.000000,0.994161,1.000000,1.000000,0.000000,0.000000,1.000000,1.000000,1.000000,1.000000,1.000000,1.000000,1.000000,0.000000,1.000000,1.000000,1.000000,1.000000,1.000000,1.000000,0.000000,0.000000,1.000000,1.000000,1.000000,1.000000,1.000000,0.000000,0.000000,0.000000,0.000000,1.000000,1.000000,1.000000,1.000000,1.000000,0.867086,0.000000,0.000000,0.000000,0.000000,0.000000,0.000000,1.000000,1.000000,1.000000,1.000000,1.000000,0.000000,0.000000,0.964950,1.000000,1.000000,1.000000,1.000000,1.000000,0.000000,0.000000,0.000000,0.000000,0.000000,0.000000,0.000000,0.000000,0.000000,0.000000,0.000000,0.000000,0.000000,0.000000,1.000000,1.000000,0.000000,0.000000,0.000000
0.000000,1.000000,1.000000,1.000000,1.000000,1.000000,0.968681,0.000000,0.000000,0.000000,1.000000,1.000000,1.000000,1.000000,1.000000,1.000000,1.000000,0.000000,1.000000,1.000000,1.000000,1.000000,0.000000,0.000000,0.000000,0.000000,0.000000,0.000000,0.000000,0.000000,0.898160,0.000000,1.000000,1.000000,1.000000,1.000000,1.000000,0.000000,1.000000,1.000000,1.000000,1.000000,1.000000,1.000000,0.000000,0.000000,0.000000,0.000000,0.000000,1.000000,1.000000,0.000000,0.000000,0.000000,0.000000,1.000000,1.000000,1.000000,1.000000,1.000000,1.000000,1.000000,0.000000,0.000000,0.000000,0.000000,1.000000,0.932449,0.000000,0.000000,0.973081,0.873319,1.000000,1.000000,1.000000,1.000000,0.881329,1.000000,1.000000,1.000000,0.000000,0.000000,0.000000,0.000000,0.000000,0.000000,1.000000,1.000000,1.000000,1.000000,0.941155,0.000000,0.000000,1.000000,1.000000,1.000000,1.000000,0.884212,0.000000,0.000000
0.866779,1.000000,1.000000,1.000000,1.000000,1.000000,1.000000,0.000000,0.000000,0.000000,1.000000,1.000000,1.000000,1.000000,1.000000,1.000000,1.000000,0.000000,0.000000,0.000000,1.000000,1.000000,1.000000,0.939890,0.000000,0.000000,0.000000,0.000000,1.000000,1.000000,1.000000,1.000000,1.000000,0.000000,1.000000,0.865127,0.945912,1.000000,1.000000,1.000000,1.000000,1.000000,0.000000,0.000000,0.000000,0.000000,0.000000,0.949297,1.000000,1.000000,1.000000,1.000000,1.000000,0.000000,0.000000,1.000000,1.000000,1.000000,1.000000,1.000000,1.000000,1.000000,0.000000,0.000000,1.000000,1.000000,1.000000,1.000000,1.000000,0.000000,0.000000,1.000000,1.000000,1.000000,1.000000,1.000000,1.000000,0.000000,0.860275,1.000000,1.000000,1.000000,1.000000,0.000000,0.000000,1.000000,1.000000,1.000000,1.000000,1.000000,1.000000,0.000000,1.000000,1.000000,1.000000,1.000000,1.000000,1.000000,0.000000,0.000000
1.000000,1.000000,1.000000,1.000000,1.000000,1.000000,1.000000,0.000000,0.000000,0.000000,1.000000,1.000000,1.000000,1.000000,1.000000,1.000000,1.000000,0.000000,0.000000,1.000000,1.000000,1.000000,1.000000,1.000000,1.000000,0.000000,0.000000,0.000000,1.000000,1.000000,1.000000,1.000000,1.000000,1.000000,0.000000,0.000000,1.000000,1.000000,1.000000,1.000000,1.000000,1.000000,0.000000,0.000000,0.000000,0.000000,0.000000,1.000000,1.000000,1.000000,1.000000,1.000000,1.000000,0.000000,0.000000,1.000000,1.000000,1.000000,1.000000,1.000000,1.000000,1.000000,0.000000,0.921354,1.000000,1.000000,1.000000,1.000000,1.000000,1.000000,1.000000,1.000000,1.000000,1.000000,1.000000,1.000000,1.000000,0.000000,1.000000,1.000000,1.000000,1.000000,1.000000,1.000000,0.000000,1.000000,1.000000,1.000000,1.000000,1.000000,1.000000,1.000000,1.000000,1.000000,1.000000,1.000000,1.000000,1.000000,1.000000,0.000000
1.000000,1.000000,1.000000,1.000000,1.000000,1.000000,1.000000,0.000000,0.000000,0.000000,1.000000,1.000000,1.000000,1.000000,1.000000,1.000000,1.000000,0.000000,0.989508,1.000000,1.000000,1.000000,1.000000,1.000000,1.000000,0.000000,0.000000,1.000000,1.000000,1.000000,1.000000,1.000000,1.000000,1.000000,0.000000,0.895998,1.000000,1.000000,1.000000,1.000000,1.000000,1.000000,1.000000,0.000000,0.000000,0.000000,0.884542,1.000000,1.000000,1.000000,1.000000,1.000000,1.000000,1.000000,0.000000,0.897074,1.000000,1.000000,1.000000,1.000000,1.000000,1.000000,0.000000,1.000000,1.000000,1.000000,1.000000,1.000000,1.000000,1.000000,1.000000,1.000000,1.000000,1.000000,1.000000,1.000000,1.000000,1.000000,1.000000,1.000000,1.000000,1.000000,1.000000,1.000000,0.000000,1.000000,1.000000,1.000000,1.000000,1.000000,1.000000,1.000000,1.000000,1.000000,1.000000,1.000000,1.000000,1.000000,1.000000,0.000000
0.000000,1.000000,1.000000,1.000000,1.000000,1.000000,1.000000,0.000000,1.000000,1.000000,1.000000,1.000000,1.000000,1.000000,1.000000,1.000000,0.000000,0.000000,1.000000,1.000000,1.000000,1.000000,1.000000,1.000000,1.000000,0.000000,0.000000,1.000000,1.000000,1.000000,1.000000,1.000000,1.000000,1.000000,0.000000,0.881744,1.000000,1.000000,1.000000,1.000000,1.000000,1.000000,1.000000,0.000000,0.000000,0.000000,0.864801,1.000000,1.000000,1.000000,1.000000,1.000000,1.000000,1.000000,0.000000,0.000000,1.000000,1.000000,1.000000,1.000000,1.000000,0.000000,0.000000,1.000000,1.000000,1.000000,1.000000,1.000000,1.000000,1.000000,0.890846,1.000000,1.000000,1.000000,1.000000,1.000000,1.000000,1.000000,1.000000,1.000000,1.000000,1.000000,1.000000,1.000000,0.904729,1.000000,1.000000,1.000000,1.000000,1.000000,1.000000,0.932578,1.000000,1.000000,1.000000,1.000000,1.000000,1.000000,1.000000,0.000000
0.000000,0.949737,1.000000,1.000000,1.000000,1.000000,0.000000,1.000000,1.000000,1.000000,1.000000,1.000000,0.921888,0.876232,0.000000,0.000000,0.000000,0.000000,1.000000,1.000000,1.000000,1.000000,1.000000,1.000000,1.000000,0.000000,0.000000,0.866920,1.000000,1.000000,1.000000,1.000000,1.000000,1.000000,0.000000,0.000000,1.000000,1.000000,1.000000,1.000000,1.000000,1.000000,0.000000,0.000000,0.000000,0.000000,0.000000,1.000000,1.000000,1.000000,1.000000,1.000000,1.000000,0.866532,1.000000,1.000000,1.000000,1.000000,0.000000,0.000000,0.000000,0.000000,0.000000,0.910048,1.000000,1.000000,1.000000,1.000000,1.000000,1.000000,0.000000,1.000000,1.000000,1.000000,1.000000,1.000000,1.000000,0.000000,1.000000,1.000000,1.000000,1.000000,1.000000,1.000000,0.000000,0.967917,1.000000,1.000000,1.000000,1.000000,1.000000,0.000000,0.960103,1.000000,1.000000,1.000000,1.000000,1.000000,0.000000,0.000000
0.000000,0.000000,0.000000,0.000000,0.000000,0.000000,1.000000,1.000000,1.000000,1.000000,1.000000,1.000000,1.000000,0.000000,0.000000,0.000000,0.000000,0.000000,0.000000,1.000000,1.000000,1.000000,1.000000,1.000000,1.000000,0.000000,0.000000,0.000000,1.000000,1.000000,1.000000,1.000000,1.000000,0.921468,0.000000,0.000000,0.875920,1.000000,1.000000,1.000000,1.000000,0.989532,0.000000,0.000000,0.000000,0.000000,0.000000,0.000000,1.000000,1.000000,1.000000,1.000000,0.985664,1.000000,1.000000,1.000000,1.000000,1.000000,1.000000,0.000000,0.000000,0.000000,0.000000,0.869956,1.000000,1.000000,1.000000,1.000000,1.000000,0.000000,0.000000,0.000000,0.959035,1.000000,1.000000,0.862955,0.000000,0.000000,1.000000,1.000000,1.000000,1.000000,1.000000,1.000000,0.000000,0.000000,0.000000,1.000000,1.000000,0.943402,0.000000,0.000000,0.000000,0.897333,1.000000,1.000000,1.000000,0.000000,0.000000,0.000000
0.000000,0.000000,0.000000,0.969644,0.000000,0.000000,1.000000,1.000000,1.000000,1.000000,1.000000,1.000000,1.000000,0.000000,0.000000,0.000000,0.000000,0.000000,0.000000,0.000000,1.000000,1.000000,1.000000,1.000000,0.000000,0.000000,0.000000,0.000000,0.000000,0.000000,1.000000,1.000000,1.000000,1.000000,1.000000,0.000000,0.000000,0.000000,0.907829,0.930810,0.000000,0.000000,0.000000,0.000000,0.000000,0.000000,0.000000,0.000000,0.994822,1.000000,1.000000,0.000000,1.000000,1.000000,1.000000,1.000000,1.000000,1.000000,1.000000,0.000000,0.000000,1.000000,1.000000,1.000000,1.000000,1.000000,0.983853,0.917220,0.000000,0.913274,0.970033,0.000000,0.000000,0.000000,0.000000,0.000000,0.000000,0.000000,0.000000,0.936713,1.000000,1.000000,1.000000,1.000000,1.000000,1.000000,0.000000,0.000000,0.000000,0.000000,1.000000,1.000000,1.000000,0.916527,0.000000,0.000000,0.000000,0.000000,0.000000,0.000000
0.000000,1.000000,1.000000,1.000000,1.000000,1.000000,1.000000,1.000000,1.000000,1.000000,1.000000,1.000000,1.000000,0.000000,0.000000,0.000000,0.000000,1.000000,1.000000,1.000000,0.896744,0.000000,0.000000,0.000000,1.000000,1.000000,1.000000,1.000000,0.000000,0.000000,1.000000,1.000000,1.000000,1.000000,1.000000,1.000000,0.000000,0.000000,0.000000,0.000000,1.000000,1.000000,1.000000,1.000000,0.000000,0.000000,0.000000,1.000000,1.000000,1.000000,1.000000,1.000000,1.000000,1.000000,1.000000,1.000000,1.000000,1.000000,1.000000,0.868840,1.000000,1.000000,1.000000,1.000000,1.000000,1.000000,0.875795,0.000000,1.000000,1.000000,1.000000,1.000000,1.000000,0.000000,0.000000,0.959522,1.000000,1.000000,1.000000,0.000000,0.000000,1.000000,1.000000,1.000000,1.000000,1.000000,1.000000,0.000000,0.000000,1.000000,1.000000,1.000000,1.000000,1.000000,0.939275,0.000000,0.000000,0.000000,0.000000,0.000000
1.000000,1.000000,1.000000,1.000000,1.000000,1.000000,1.000000,1.000000,1.000000,1.000000,1.000000,1.000000,1.000000,0.000000,0.000000,0.000000,1.000000,1.000000,1.000000,1.000000,1.000000,0.958039,0.000000,1.000000,1.000000,1.000000,1.000000,1.000000,1.000000,0.000000,1.000000,1.000000,1.000000,1.000000,1.000000,1.000000,0.980488,0.000000,0.000000,1.000000,1.000000,1.000000,1.000000,1.000000,1.000000,0.000000,1.000000,1.000000,1.000000,1.000000,1.000000,1.000000,1.000000,1.000000,1.000000,1.000000,1.000000,1.000000,1.000000,0.000000,1.000000,1.000000,1.000000,1.000000,1.000000,1.000000,1.000000,1.000000,1.000000,1.000000,1.000000,1.000000,1.000000,0.872287,1.000000,1.000000,1.000000,1.000000,1.000000,1.000000,0.000000,1.000000,1.000000,1.000000,1.000000,1.000000,1.000000,1.000000,1.000000,1.000000,1.000000,1.000000,1.000000,1.000000,1.000000,0.000000,0.000000,0.000000,0.000000,0.000000
1.000000,1.000000,1.000000,1.000000,1.000000,1.000000,1.000000,0.957625,1.000000,1.000000,1.000000,1.000000,0.000000,0.000000,0.000000,1.000000,1.000000,1.000000,1.000000,1.000000,1.000000,1.000000,0.000000,1.000000,1.000000,1.000000,1.000000,1.000000,1.000000,1.000000,1.000000,1.000000,1.000000,1.000000,1.000000,1.000000,1.000000,0.000000,0.000000,1.000000,1.000000,1.000000,1.000000,1.000000,1.000000,1.000000,1.000000,1.000000,1.000000,1.000000,1.000000,1.000000,1.000000,1.000000,1.000000,1.000000,1.000000,1.000000,1.000000,0.000000,1.000000,1.000000,1.000000,1.000000,1.000000,1.000000,1.000000,1.000000,1.000000,1.000000,1.000000,1.000000,1.000000,1.000000,1.000000,1.000000,1.000000,1.000000,1.000000,1.000000,1.000000,1.000000,1.000000,1.000000,1.000000,1.000000,1.000000,1.000000,1.000000,1.000000,1.000000,1.000000,1.000000,1.000000,1.000000,0.000000,0.000000,0.000000,0.000000,0.000000
1.000000,1.000000,1.000000,1.000000,1.000000,1.000000,1.000000,0.000000,0.000000,0.000000,0.000000,0.000000,0.000000,0.000000,0.000000,1.000000,1.000000,1.000000,1.000000,1.000000,1.000000,1.000000,0.000000,1.000000,1.000000,1.000000,1.000000,1.000000,1.000000,1.000000,1.000000,1.000000,1.000000,1.000000,1.000000,1.000000,1.000000,0.000000,0.000000,1.000000,1.000000,1.000000,1.000000,1.000000,1.000000,1.000000,1.000000,1.000000,1.000000,1.000000,1.000000,1.000000,1.000000,0.000000,0.975597,1.000000,1.000000,0.873872,0.000000,0.000000,1.000000,1.000000,1.000000,1.000000,1.000000,1.000000,0.982352,1.000000,1.000000,1.000000,1.000000,1.000000,1.000000,1.000000,1.000000,1.000000,1.000000,1.000000,1.000000,1.000000,1.000000,1.000000,1.000000,1.000000,1.000000,1.000000,1.000000,1.000000,1.000000,1.000000,1.000000,1.000000,1.000000,1.000000,1.000000,0.000000,0.000000,0.000000,0.000000,0.000000
1.000000,1.000000,1.000000,1.000000,1.000000,1.000000,1.000000,0.000000,0.000000,0.000000,1.000000,1.000000,0.000000,0.000000,0.000000,1.000000,1.000000,1.000000,1.000000,1.000000,1.000000,1.000000,0.000000,1.000000,1.000000,1.000000,1.000000,1.000000,1.000000,1.000000,1.000000,1.000000,1.000000,1.000000,1.000000,1.000000,0.000000,0.000000,0.000000,1.000000,1.000000,1.000000,1.000000,1.000000,1.000000,1.000000,1.000000,1.000000,1.000000,1.000000,1.000000,1.000000,0.968298,0.000000,0.000000,1.000000,1.000000,1.000000,1.000000,0.000000,0.000000,1.000000,1.000000,1.000000,1.000000,1.000000,0.000000,1.000000,1.000000,1.000000,1.000000,1.000000,1.000000,0.895162,1.000000,1.000000,1.000000,1.000000,1.000000,1.000000,1.000000,1.000000,1.000000,1.000000,1.000000,1.000000,1.000000,0.000000,0.000000,1.000000,1.000000,1.000000,1.000000,1.000000,0.957867,0.000000,0.000000,0.000000,0.000000,0.000000
0.000000,1.000000,1.000000,1.000000,1.000000,1.000000,0.000000,0.000000,1.000000,1.000000,1.000000,1.000000,1.000000,1.000000,0.000000,0.000000,1.000000,1.000000,1.000000,1.000000,1.000000,1.000000,0.000000,1.000000,1.000000,1.000000,1.000000,1.000000,1.000000,0.000000,0.000000,1.000000,1.000000,1.000000,1.000000,1.000000,1.000000,1.000000,1.000000,1.000000,1.000000,1.000000,1.000000,1.000000,1.000000,0.000000,0.000000,1.000000,1.000000,1.000000,1.000000,1.000000,0.000000,0.000000,1.000000,1.000000,1.000000,1.000000,1.000000,1.000000,0.000000,0.000000,1.000000,1.000000,0.906139,0.000000,0.000000,0.000000,1.000000,1.000000,1.000000,1.000000,1.000000,0.000000,1.000000,1.000000,1.000000,1.000000,1.000000,1.000000,0.000000,0.000000,0.984370,1.000000,1.000000,1.000000,0.000000,0.000000,0.000000,0.871448,1.000000,1.000000,1.000000,0.944192,0.000000,0.000000,0.000000,0.000000,0.000000,0.000000
0.000000,0.000000,0.889124,1.000000,0.889124,0.000000,0.000000,0.000000,1.000000,1.000000,1.000000,1.000000,1.000000,1.000000,0.000000,0.000000,0.885882,1.000000,1.000000,1.000000,1.000000,1.000000,1.000000,1.000000,0.988425,1.000000,1.000000,1.000000,0.000000,0.000000,0.000000,0.000000,0.000000,0.000000,1.000000,1.000000,1.000000,1.000000,1.000000,1.000000,0.943530,1.000000,1.000000,1.000000,0.000000,0.000000,0.000000,0.000000,0.000000,0.903948,0.000000,0.000000,0.000000,0.898495,1.000000,1.000000,1.000000,1.000000,1.000000,1.000000,0.892259,0.000000,0.000000,0.000000,0.000000,0.000000,0.000000,0.000000,0.000000,0.955746,1.000000,0.000000,0.000000,0.000000,0.000000,1.000000,1.000000,1.000000,1.000000,0.000000,0.000000,0.000000,0.000000,0.949064,1.000000,1.000000,0.934241,0.000000,0.000000,0.000000,0.000000,0.000000,0.000000,0.000000,0.000000,0.000000,0.000000,0.000000,0.000000,0.000000
0.000000,1.000000,1.000000,1.000000,1.000000,1.000000,0.000000,1.000000,1.000000,1.000000,1.000000,1.000000,1.000000,1.000000,0.927535,0.000000,0.000000,0.000000,0.000000,0.934697,1.000000,1.000000,1.000000,1.000000,1.000000,0.000000,0.000000,0.906477,1.000000,1.000000,1.000000,0.000000,0.000000,0.864055,1.000000,1.000000,1.000000,1.000000,1.000000,1.000000,0.000000,0.000000,0.000000,0.000000,0.000000,0.000000,0.000000,0.000000,0.000000,1.000000,1.000000,1.000000,1.000000,1.000000,1.000000,1.000000,1.000000,1.000000,1.000000,1.000000,0.996020,0.000000,1.000000,1.000000,1.000000,0.955136,0.000000,0.000000,0.953134,1.000000,1.000000,1.000000,1.000000,0.000000,0.000000,0.000000,0.991207,1.000000,1.000000,0.939476,0.000000,0.000000,1.000000,1.000000,1.000000,1.000000,1.000000,1.000000,0.000000,0.000000,0.000000,0.000000,0.000000,0.000000,0.000000,0.000000,0.000000,0.000000,0.000000,0.000000
1.000000,1.000000,1.000000,1.000000,1.000000,1.000000,1.000000,0.994967,1.000000,1.000000,1.000000,1.000000,1.000000,1.000000,0.887123,0.000000,0.000000,0.000000,0.000000,1.000000,1.000000,1.000000,1.000000,1.000000,1.000000,1.000000,0.938329,1.000000,1.000000,1.000000,1.000000,1.000000,0.000000,1.000000,1.000000,1.000000,1.000000,1.000000,1.000000,1.000000,0.965667,0.000000,1.000000,1.000000,1.000000,0.000000,0.000000,0.000000,1.000000,1.000000,1.000000,1.000000,1.000000,1.000000,1.000000,1.000000,1.000000,1.000000,1.000000,1.000000,0.000000,1.000000,1.000000,1.000000,1.000000,1.000000,1.000000,0.000000,1.000000,1.000000,1.000000,1.000000,1.000000,1.000000,0.000000,1.000000,1.000000,1.000000,1.000000,1.000000,1.000000,0.000000,1.000000,1.000000,1.000000,1.000000,1.000000,1.000000,0.000000,0.000000,0.000000,0.000000,0.000000,0.000000,0.000000,0.000000,0.000000,0.000000,0.000000,0.000000
1.000000,1.000000,1.000000,1.000000,1.000000,1.000000,1.000000,0.000000,1.000000,1.000000,1.000000,1.000000,1.000000,1.000000,0.000000,0.000000,0.000000,0.000000,0.000000,1.000000,1.000000,1.000000,1.000000,1.000000,1.000000,1.000000,1.000000,1.000000,1.000000,1.000000,1.000000,1.000000,1.000000,0.921401,1.000000,1.000000,1.000000,1.000000,1.000000,1.000000,0.877199,1.000000,1.000000,1.000000,1.000000,1.000000,0.000000,1.000000,1.000000,1.000000,1.000000,1.000000,1.000000,1.000000,1.000000,1.000000,1.000000,1.000000,1.000000,1.000000,0.893670,1.000000,1.000000,1.000000,1.000000,1.000000,1.000000,1.000000,1.000000,1.000000,1.000000,1.000000,1.000000,1.000000,0.000000,1.000000,1.000000,1.000000,1.000000,1.000000,1.000000,1.000000,1.000000,1.000000,1.000000,1.000000,1.000000,1.000000,0.976596,0.000000,0.000000,0.000000,0.000000,0.000000,0.000000,0.000000,0.000000,0.000000,0.000000,0.000000
1.000000,1.000000,1.000000,1.000000,1.000000,1.000000,1.000000,0.000000,0.897644,1.000000,1.000000,1.000000,1.000000,0.000000,0.000000,0.000000,0.000000,0.000000,0.000000,1.000000,1.000000,1.000000,1.000000,1.000000,1.000000,1.000000,1.000000,1.000000,1.000000,1.000000,1.000000,1.000000,1.000000,0.000000,1.000000,1.000000,1.000000,1.000000,1.000000,1.000000,1.000000,1.000000,1.000000,1.000000,1.000000,1.000000,1.000000,1.000000,1.000000,1.000000,1.000000,1.000000,1.000000,1.000000,0.000000,1.000000,1.000000,1.000000,1.000000,0.000000,1.000000,1.000000,1.000000,1.000000,1.000000,1.000000,1.000000,1.000000,1.000000,1.000000,1.000000,1.000000,1.000000,1.000000,1.000000,1.000000,1.000000,1.000000,1.000000,1.000000,1.000000,1.000000,1.000000,1.000000,1.000000,1.000000,1.000000,1.000000,0.901065,0.000000,0.000000,0.000000,0.000000,0.000000,0.000000,0.000000,0.000000,0.000000,0.000000,0.000000
1.000000,1.000000,1.000000,1.000000,1.000000,1.000000,1.000000,0.000000,1.000000,1.000000,1.000000,0.000000,0.000000,0.000000,0.000000,0.000000,0.000000,0.000000,0.000000,1.000000,1.000000,1.000000,1.000000,1.000000,1.000000,0.000000,1.000000,1.000000,1.000000,1.000000,1.000000,1.000000,1.000000,0.000000,0.000000,1.000000,1.000000,1.000000,1.000000,0.000000,1.000000,1.000000,1.000000,1.000000,1.000000,1.000000,1.000000,1.000000,1.000000,1.000000,1.000000,1.000000,1.000000,1.000000,0.000000,0.000000,0.000000,0.000000,0.000000,0.000000,0.987618,1.000000,1.000000,1.000000,1.000000,1.000000,1.000000,0.000000,1.000000,1.000000,1.000000,1.000000,1.000000,1.000000,0.966769,1.000000,1.000000,1.000000,1.000000,1.000000,1.000000,0.000000,1.000000,1.000000,1.000000,1.000000,1.000000,1.000000,0.000000,0.000000,0.000000,0.000000,0.000000,0.000000,0.000000,0.000000,0.000000,0.000000,0.000000,0.000000
0.000000,1.000000,1.000000,1.000000,1.000000,1.000000,0.000000,1.000000,1.000000,1.000000,1.000000,1.000000,0.000000,0.000000,0.000000,0.941559,1.000000,1.000000,1.000000,1.000000,1.000000,1.000000,1.000000,1.000000,0.923006,0.000000,0.981013,1.000000,1.000000,1.000000,1.000000,1.000000,0.000000,0.000000,0.000000,0.000000,0.000000,0.000000,0.000000,0.000000,1.000000,1.000000,1.000000,1.000000,1.000000,1.000000,1.000000,0.000000,1.000000,1.000000,1.000000,1.000000,1.000000,1.000000,0.000000,0.000000,0.000000,0.000000,0.000000,0.000000,0.000000,1.000000,1.000000,1.000000,1.000000,1.000000,1.000000,0.000000,1.000000,1.000000,1.000000,1.000000,1.000000,0.976988,0.000000,1.000000,1.000000,1.000000,1.000000,1.000000,1.000000,0.000000,0.000000,1.000000,1.000000,1.000000,1.000000,0.000000,1.000000,1.000000,1.000000,0.864275,0.000000,0.000000,0.000000,0.000000,0.000000,0.000000,0.000000,0.000000
0.000000,0.000000,0.889559,1.000000,0.889559,0.000000,1.000000,1.000000,1.000000,1.000000,1.000000,1.000000,1.000000,0.000000,0.000000,1.000000,1.000000,1.000000,1.000000,1.000000,1.000000,0.000000,0.000000,1.000000,1.000000,1.000000,1.000000,1.000000,1.000000,1.000000,1.000000,0.886736,0.000000,0.000000,0.000000,0.000000,0.000000,0.000000,0.000000,0.000000,1.000000,1.000000,1.000000,1.000000,1.000000,1.000000,0.894128,0.000000,0.000000,1.000000,1.000000,1.000000,1.000000,0.938232,1.000000,1.000000,1.000000,0.901069,0.000000,0.000000,0.000000,0.000000,1.000000,1.000000,1.000000,1.000000,0.000000,0.000000,0.000000,0.994618,1.000000,1.000000,0.000000,0.000000,0.000000,0.000000,1.000000,1.000000,1.000000,1.000000,0.881945,1.000000,1.000000,1.000000,0.966695,0.000000,0.000000,1.000000,1.000000,1.000000,1.000000,1.000000,0.886606,0.000000,0.000000,0.877850,1.000000,0.877850,0.000000,0.000000
0.000000,0.000000,0.000000,0.000000,0.000000,0.000000,1.000000,1.000000,1.000000,1.000000,1.000000,1.000000,1.000000,0.000000,1.000000,1.000000,1.000000,1.000000,1.000000,1.000000,1.000000,0.000000,1.000000,1.000000,1.000000,1.000000,1.000000,1.000000,0.892164,0.000000,0.000000,0.000000,0.000000,0.000000,0.000000,0.000000,0.000000,0.000000,0.000000,0.880363,0.911529,1.000000,1.000000,1.000000,1.000000,1.000000,0.000000,0.000000,0.000000,0.000000,0.000000,0.000000,0.938521,1.000000,1.000000,1.000000,1.000000,1.000000,0.885913,0.000000,0.000000,1.000000,1.000000,1.000000,0.000000,0.000000,0.000000,1.000000,1.000000,1.000000,1.000000,1.000000,0.000000,0.000000,0.000000,0.000000,0.000000,0.000000,0.000000,0.000000,1.000000,1.000000,1.000000,1.000000,1.000000,0.977848,1.000000,1.000000,1.000000,1.000000,1.000000,1.000000,1.000000,0.000000,1.000000,1.000000,1.000000,1.000000,1.000000,0.000000
0.000000,0.000000,1.000000,1.000000,1.000000,0.000000,1.000000,1.000000,1.000000,1.000000,1.000000,1.000000,1.000000,0.000000,1.000000,1.000000,1.000000,1.000000,1.000000,1.000000,1.000000,0.000000,1.000000,1.000000,1.000000,1.000000,1.000000,1.000000,1.000000,0.000000,0.945024,1.000000,1.000000,0.978367,0.000000,0.000000,0.000000,0.000000,1.000000,1.000000,1.000000,1.000000,0.995359,0.000000,0.000000,1.000000,1.000000,1.000000,1.000000,0.982039,0.000000,0.000000,1.000000,1.000000,1.000000,1.000000,1.000000,1.000000,1.000000,0.000000,1.000000,1.000000,1.000000,1.000000,1.000000,0.000000,1.000000,1.000000,1.000000,1.000000,1.000000,1.000000,1.000000,0.000000,0.000000,0.000000,0.000000,0.000000,0.000000,1.000000,1.000000,1.000000,1.000000,1.000000,1.000000,1.000000,1.000000,1.000000,1.000000,1.000000,1.000000,1.000000,1.000000,1.000000,1.000000,1.000000,1.000000,1.000000,1.000000,1.000000
0.000000,1.000000,1.000000,1.000000,1.000000,1.000000,1.000000,1.000000,1.000000,1.000000,1.000000,1.000000,0.902862,0.000000,0.926686,1.000000,1.000000,1.000000,1.000000,1.000000,1.000000,0.000000,1.000000,1.000000,1.000000,1.000000,1.000000,1.000000,1.000000,1.000000,1.000000,1.000000,1.000000,1.000000,1.000000,0.000000,0.000000,1.000000,1.000000,1.000000,1.000000,1.000000,1.000000,0.000000,1.000000,1.000000,1.000000,1.000000,1.000000,1.000000,0.870197,0.000000,1.000000,1.000000,1.000000,1.000000,1.000000,1.000000,1.000000,1.000000,1.000000,1.000000,1.000000,1.000000,1.000000,1.000000,1.000000,1.000000,1.000000,1.000000,1.000000,1.000000,1.000000,0.000000,0.986987,1.000000,1.000000,1.000000,0.000000,1.000000,1.000000,1.000000,1.000000,1.000000,1.000000,1.000000,1.000000,1.000000,1.000000,1.000000,1.000000,1.000000,1.000000,1.000000,1.000000,1.000000,1.000000,1.000000,1.000000,1.000000
1.000000,1.000000,1.000000,1.000000,1.000000,1.000000,1.000000,1.000000,1.000000,1.000000,1.000000,1.000000,0.000000,0.000000,0.000000,1.000000,1.000000,1.000000,1.000000,1.000000,0.971481,0.000000,1.000000,1.000000,1.000000,1.000000,1.000000,1.000000,1.000000,1.000000,1.000000,1.000000,1.000000,1.000000,1.000000,0.000000,0.000000,1.000000,1.000000,1.000000,1.000000,1.000000,1.000000,1.000000,1.000000,1.000000,1.000000,1.000000,1.000000,1.000000,1.000000,0.000000,1.000000,1.000000,1.000000,1.000000,1.000000,1.000000,1.000000,1.000000,1.000000,1.000000,1.000000,1.000000,1.000000,1.000000,1.000000,1.000000,1.000000,1.000000,1.000000,1.000000,1.000000,1.000000,1.000000,1.000000,1.000000,1.000000,1.000000,1.000000,1.000000,1.000000,1.000000,1.000000,1.000000,1.000000,0.901295,1.000000,1.000000,1.000000,1.000000,1.000000,0.947085,1.000000,1.000000,1.000000,1.000000,1.000000,1.000000,1.000000
1.000000,1.000000,1.000000,1.000000,1.000000,1.000000,1.000000,0.000000,0.000000,0.000000,0.000000,0.000000,0.000000,0.000000,0.000000,0.000000,0.938629,1.000000,1.000000,0.000000,0.000000,0.000000,0.888456,1.000000,1.000000,1.000000,1.000000,1.000000,0.952272,1.000000,1.000000,1.000000,1.000000,1.000000,1.000000,1.000000,0.000000,1.000000,1.000000,1.000000,1.000000,1.000000,1.000000,1.000000,1.000000,1.000000,1.000000,1.000000,1.000000,1.000000,1.000000,0.000000,0.902982,1.000000,1.000000,1.000000,1.000000,1.000000,0.862793,1.000000,1.000000,1.000000,1.000000,1.000000,1.000000,1.000000,1.000000,1.000000,1.000000,1.000000,1.000000,1.000000,1.000000,1.000000,1.000000,1.000000,1.000000,1.000000,1.000000,1.000000,1.000000,1.000000,1.000000,1.000000,1.000000,0.939060,0.000000,0.923943,1.000000,1.000000,1.000000,0.954683,0.000000,1.000000,1.000000,1.000000,1.000000,1.000000,1.000000,1.000000
1.000000,1.000000,1.000000,1.000000,1.000000,1.000000,1.000000,0.000000,0.000000,0.000000,0.000000,0.000000,0.000000,0.000000,0.000000,0.000000,0.000000,0.000000,0.000000,1.000000,1.000000,1.000000,1.000000,0.962700,1.000000,1.000000,1.000000,0.000000,0.870050,1.000000,1.000000,1.000000,1.000000,1.000000,1.000000,0.955189,0.000000,1.000000,1.000000,1.000000,1.000000,1.000000,1.000000,0.000000,1.000000,1.000000,1.000000,1.000000,1.000000,1.000000,1.000000,0.000000,0.000000,0.888061,1.000000,1.000000,1.000000,0.863316,0.000000,0.934776,1.000000,1.000000,1.000000,1.000000,1.000000,1.000000,0.000000,1.000000,1.000000,1.000000,1.000000,1.000000,0.000000,1.000000,1.000000,1.000000,1.000000,1.000000,1.000000,1.000000,0.000000,1.000000,1.000000,1.000000,0.908374,0.000000,0.000000,0.000000,0.000000,0.000000,0.000000,0.000000,0.917965,0.000000,1.000000,1.000000,1.000000,1.000000,1.000000,0.000000
0.990718,1.000000,1.000000,1.000000,1.000000,1.000000,0.990718,0.000000,0.000000,0.000000,0.000000,0.965231,1.000000,1.000000,1.000000,1.000000,0.000000,0.000000,1.000000,1.000000,1.000000,1.000000,1.000000,1.000000,0.877681,0.000000,0.000000,0.000000,0.000000,1.000000,1.000000,1.000000,1.000000,1.000000,1.000000,0.000000,0.000000,0.928655,1.000000,1.000000,1.000000,1.000000,1.000000,0.000000,0.896365,1.000000,1.000000,1.000000,1.000000,1.000000,0.000000,0.000000,0.000000,0.000000,0.000000,0.000000,0.894824,0.000000,0.000000,0.000000,1.000000,1.000000,1.000000,1.000000,1.000000,0.000000,0.000000,0.000000,0.000000,1.000000,0.886292,0.000000,0.000000,1.000000,1.000000,1.000000,1.000000,1.000000,1.000000,1.000000,0.000000,0.000000,0.000000,0.911734,1.000000,1.000000,1.000000,0.000000,0.000000,0.000000,1.000000,1.000000,1.000000,1.000000,1.000000,0.000000,0.981375,0.000000,0.000000,0.000000
0.000000,1.000000,1.000000,1.000000,1.000000,1.000000,0.000000,0.000000,0.000000,0.000000,0.000000,1.000000,1.000000,1.000000,1.000000,1.000000,1.000000,0.000000,1.000000,1.000000,1.000000,1.000000,1.000000,1.000000,1.000000,0.000000,0.000000,0.000000,0.000000,0.000000,1.000000,1.000000,1.000000,1.000000,0.000000,1.000000,1.000000,1.000000,0.000000,1.000000,1.000000,1.000000,1.000000,1.000000,1.000000,0.915344,1.000000,1.000000,1.000000,0.000000,0.000000,0.000000,0.000000,0.000000,1.000000,1.000000,1.000000,1.000000,1.000000,0.000000,0.000000,0.000000,0.000000,0.000000,0.000000,0.000000,0.000000,0.000000,0.000000,0.000000,1.000000,1.000000,1.000000,1.000000,1.000000,1.000000,1.000000,1.000000,1.000000,0.000000,0.000000,0.000000,0.971080,1.000000,1.000000,1.000000,1.000000,1.000000,0.000000,0.927729,1.000000,1.000000,1.000000,1.000000,1.000000,1.000000,0.000000,0.000000,0.000000,0.000000
0.000000,0.000000,0.000000,0.000000,0.000000,0.000000,0.000000,0.000000,0.000000,0.000000,1.000000,1.000000,1.000000,1.000000,1.000000,1.000000,1.000000,0.000000,1.000000,1.000000,1.000000,1.000000,1.000000,1.000000,1.000000,0.000000,0.000000,1.000000,1.000000,1.000000,1.000000,0.951623,0.000000,0.929855,1.000000,1.000000,1.000000,1.000000,1.000000,0.000000,1.000000,1.000000,1.000000,1.000000,1.000000,1.000000,0.000000,0.000000,0.000000,0.000000,0.000000,0.000000,0.000000,0.981705,1.000000,1.000000,1.000000,1.000000,1.000000,1.000000,0.000000,0.000000,1.000000,1.000000,1.000000,1.000000,0.000000,0.000000,0.901091,1.000000,1.000000,1.000000,1.000000,1.000000,1.000000,1.000000,1.000000,1.000000,0.000000,0.000000,0.000000,0.000000,1.000000,1.000000,1.000000,1.000000,1.000000,1.000000,1.000000,1.000000,1.000000,1.000000,1.000000,1.000000,1.000000,1.000000,0.000000,0.000000,0.000000,0.000000
0.000000,0.000000,0.000000,0.000000,0.000000,0.000000,0.000000,0.000000,0.000000,0.000000,1.000000,1.000000,1.000000,1.000000,1.000000,1.000000,1.000000,0.000000,1.000000,1.000000,1.000000,1.000000,1.000000,1.000000,1.000000,0.000000,1.000000,1.000000,1.000000,1.000000,1.000000,1.000000,0.000000,1.000000,1.000000,1.000000,1.000000,1.000000,1.000000,1.000000,1.000000,1.000000,1.000000,1.000000,1.000000,1.000000,1.000000,0.000000,1.000000,1.000000,1.000000,1.000000,0.000000,1.000000,1.000000,1.000000,1.000000,1.000000,1.000000,1.000000,0.000000,1.000000,1.000000,1.000000,1.000000,1.000000,1.000000,0.000000,1.000000,1.000000,1.000000,1.000000,1.000000,1.000000,1.000000,0.000000,0.000000,0.000000,0.000000,0.000000,0.000000,0.000000,1.000000,1.000000,1.000000,1.000000,1.000000,1.000000,1.000000,1.000000,1.000000,1.000000,1.000000,1.000000,1.000000,1.000000,0.000000,0.000000,0.000000,0.000000
0.000000,0.000000,0.000000,0.000000,0.000000,0.000000,0.000000,0.000000,0.000000,0.000000,0.876402,1.000000,1.000000,1.000000,1.000000,1.000000,1.000000,0.000000,0.898217,1.000000,1.000000,1.000000,1.000000,1.000000,0.000000,0.000000,1.000000,1.000000,1.000000,1.000000,1.000000,1.000000,1.000000,1.000000,1.000000,1.000000,1.000000,1.000000,1.000000,1.000000,1.000000,1.000000,1.000000,1.000000,1.000000,1.000000,1.000000,1.000000,1.000000,1.000000,1.000000,1.000000,1.000000,1.000000,1.000000,1.000000,1.000000,1.000000,1.000000,1.000000,0.000000,1.000000,1.000000,1.000000,1.000000,1.000000,1.000000,0.954486,1.000000,1.000000,1.000000,1.000000,1.000000,1.000000,1.000000,0.000000,0.000000,1.000000,1.000000,1.000000,1.000000,1.000000,1.000000,1.000000,1.000000,1.000000,1.000000,1.000000,1.000000,0.992236,1.000000,1.000000,1.000000,1.000000,1.000000,1.000000,0.000000,0.000000,0.000000,0.000000
0.000000,0.000000,0.000000,0.000000,0.000000,0.000000,0.000000,0.000000,0.000000,0.000000,0.000000,1.000000,1.000000,1.000000,1.000000,1.000000,0.955997,0.000000,0.000000,0.000000,1.000000,1.000000,1.000000,0.000000,0.000000,0.000000,1.000000,1.000000,1.000000,1.000000,1.000000,1.000000,1.000000,1.000000,1.000000,1.000000,1.000000,1.000000,1.000000,1.000000,1.000000,1.000000,1.000000,1.000000,1.000000,1.000000,1.000000,1.000000,1.000000,1.000000,1.000000,1.000000,1.000000,1.000000,1.000000,1.000000,1.000000,1.000000,1.000000,1.000000,0.928151,1.000000,1.000000,1.000000,1.000000,1.000000,1.000000,1.000000,1.000000,1.000000,1.000000,1.000000,1.000000,1.000000,1.000000,0.000000,1.000000,1.000000,1.000000,1.000000,1.000000,1.000000,1.000000,1.000000,1.000000,1.000000,1.000000,1.000000,0.000000,0.000000,1.000000,1.000000,1.000000,1.000000,1.000000,0.000000,0.000000,0.000000,0.000000,0.000000
0.000000,0.000000,0.000000,0.000000,0.000000,0.000000,0.000000,0.000000,0.000000,0.000000,0.000000,0.000000,0.873295,1.000000,1.000000,0.000000,0.000000,0.000000,0.000000,0.000000,0.000000,0.000000,0.000000,0.000000,0.000000,0.000000,1.000000,1.000000,1.000000,1.000000,1.000000,1.000000,0.909508,1.000000,1.000000,1.000000,1.000000,1.000000,1.000000,0.000000,0.925834,1.000000,1.000000,1.000000,1.000000,1.000000,0.925564,1.000000,1.000000,1.000000,1.000000,1.000000,1.000000,1.000000,1.000000,1.000000,1.000000,1.000000,1.000000,0.000000,0.000000,1.000000,1.000000,1.000000,1.000000,1.000000,1.000000,0.900929,1.000000,1.000000,1.000000,1.000000,1.000000,1.000000,0.881506,0.000000,1.000000,1.000000,1.000000,1.000000,1.000000,1.000000,1.000000,1.000000,1.000000,1.000000,1.000000,1.000000,1.000000,1.000000,1.000000,1.000000,1.000000,0.985278,0.000000,0.000000,0.000000,0.000000,0.000000,0.000000
0.000000,1.000000,1.000000,1.000000,1.000000,1.000000,0.000000,0.000000,0.000000,0.000000,0.000000,0.000000,0.000000,0.000000,0.000000,0.000000,0.000000,0.000000,0.000000,0.000000,0.000000,0.000000,0.000000,0.000000,0.000000,0.000000,0.962507,1.000000,1.000000,1.000000,1.000000,1.000000,0.000000,0.000000,1.000000,1.000000,1.000000,1.000000,0.963445,0.000000,0.000000,0.869107,1.000000,1.000000,1.000000,0.000000,0.000000,1.000000,1.000000,1.000000,1.000000,1.000000,1.000000,0.949697,0.000000,0.928995,1.000000,1.000000,1.000000,1.000000,0.871615,1.000000,1.000000,1.000000,1.000000,1.000000,1.000000,0.000000,0.000000,1.000000,1.000000,1.000000,1.000000,0.962463,0.000000,0.000000,1.000000,1.000000,1.000000,1.000000,1.000000,1.000000,1.000000,0.000000,0.000000,0.000000,0.904536,1.000000,1.000000,1.000000,1.000000,1.000000,1.000000,0.000000,0.000000,0.000000,0.920997,0.000000,0.000000,0.000000
0.978703,1.000000,1.000000,1.000000,1.000000,1.000000,1.000000,0.000000,0.000000,0.000000,0.000000,0.000000,0.000000,0.000000,0.000000,1.000000,1.000000,1.000000,0.000000,0.000000,0.000000,0.000000,1.000000,1.000000,1.000000,1.000000,0.000000,0.000000,1.000000,1.000000,1.000000,1.000000,0.937658,0.000000,0.000000,0.000000,0.955719,1.000000,1.000000,1.000000,1.000000,0.000000,0.000000,0.000000,0.000000,0.000000,0.000000,1.000000,1.000000,1.000000,1.000000,1.000000,1.000000,0.000000,0.000000,0.000000,0.970825,1.000000,1.000000,1.000000,1.000000,1.000000,1.000000,1.000000,1.000000,1.000000,0.000000,0.000000,0.000000,0.000000,0.000000,1.000000,1.000000,1.000000,0.000000,0.000000,1.000000,1.000000,1.000000,1.000000,1.000000,1.000000,1.000000,0.000000,0.000000,0.000000,1.000000,1.000000,1.000000,1.000000,1.000000,1.000000,1.000000,0.000000,1.000000,1.000000,1.000000,1.000000,1.000000,0.000000
1.000000,1.000000,1.000000,1.000000,1.000000,1.000000,1.000000,0.000000,0.000000,0.000000,0.000000,0.000000,0.000000,0.000000,1.000000,1.000000,1.000000,1.000000,1.000000,0.961981,0.000000,1.000000,1.000000,1.000000,1.000000,1.000000,1.000000,0.000000,0.000000,1.000000,1.000000,1.000000,1.000000,1.000000,0.000000,0.878018,1.000000,1.000000,1.000000,1.000000,1.000000,1.000000,0.000000,0.000000,0.996459,1.000000,1.000000,0.939936,1.000000,1.000000,1.000000,1.000000,0.000000,0.000000,0.000000,0.000000,1.000000,1.000000,1.000000,1.000000,1.000000,1.000000,0.866407,0.000000,0.000000,0.000000,0.000000,0.000000,0.000000,0.000000,1.000000,1.000000,1.000000,1.000000,1.000000,0.000000,0.000000,1.000000,1.000000,1.000000,1.000000,1.000000,0.000000,0.000000,0.000000,0.000000,1.000000,1.000000,1.000000,1.000000,1.000000,1.000000,1.000000,1.000000,1.000000,1.000000,1.000000,1.000000,1.000000,1.000000
1.000000,1.000000,1.000000,1.000000,1.000000,1.000000,1.000000,0.000000,0.000000,0.000000,0.000000,0.000000,0.000000,1.000000,1.000000,1.000000,1.000000,1.000000,1.000000,1.000000,0.956281,1.000000,1.000000,1.000000,1.000000,1.000000,1.000000,0.914555,1.000000,1.000000,1.000000,1.000000,1.000000,1.000000,1.000000,1.000000,1.000000,1.000000,1.000000,1.000000,1.000000,1.000000,0.000000,1.000000,1.000000,1.000000,1.000000,1.000000,1.000000,0.000000,0.000000,0.000000,0.000000,0.000000,0.000000,0.000000,1.000000,1.000000,1.000000,1.000000,1.000000,1.000000,1.000000,0.000000,1.000000,1.000000,1.000000,0.983820,0.000000,1.000000,1.000000,1.000000,1.000000,1.000000,1.000000,1.000000,0.000000,0.000000,1.000000,1.000000,0.953101,1.000000,1.000000,1.000000,1.000000,0.878409,1.000000,1.000000,1.000000,1.000000,1.000000,1.000000,1.000000,1.000000,1.000000,1.000000,1.000000,1.000000,1.000000,1.000000
1.000000,1.000000,1.000000,1.000000,1.000000,1.000000,1.000000,0.000000,0.000000,0.000000,0.000000,0.000000,0.000000,1.000000,1.000000,1.000000,1.000000,1.000000,1.000000,1.000000,1.000000,1.000000,1.000000,1.000000,1.000000,1.000000,1.000000,0.965646,1.000000,1.000000,1.000000,1.000000,1.000000,1.000000,1.000000,1.000000,1.000000,1.000000,1.000000,1.000000,1.000000,1.000000,0.862938,1.000000,1.000000,1.000000,1.000000,1.000000,1.000000,0.000000,0.000000,1.000000,1.000000,1.000000,1.000000,0.000000,1.000000,1.000000,1.000000,1.000000,1.000000,1.000000,1.000000,1.000000,1.000000,1.000000,1.000000,1.000000,1.000000,1.000000,1.000000,1.000000,1.000000,1.000000,1.000000,1.000000,0.000000,0.000000,0.000000,0.000000,1.000000,1.000000,1.000000,1.000000,1.000000,1.000000,0.000000,1.000000,1.000000,1.000000,1.000000,1.000000,0.878953,1.000000,1.000000,1.000000,1.000000,1.000000,1.000000,1.000000
0.000000,1.000000,1.000000,1.000000,1.000000,1.000000,0.000000,0.000000,0.000000,0.000000,0.000000,0.000000,0.000000,1.000000,1.000000,1.000000,1.000000,1.000000,1.000000,1.000000,0.000000,1.000000,1.000000,1.000000,1.000000,1.000000,1.000000,0.000000,1.000000,1.000000,1.000000,1.000000,1.000000,1.000000,1.000000,1.000000,1.000000,1.000000,1.000000,1.000000,1.000000,1.000000,1.000000,1.000000,1.000000,1.000000,1.000000,1.000000,1.000000,0.932552,1.000000,1.000000,1.000000,1.000000,1.000000,1.000000,1.000000,1.000000,1.000000,1.000000,1.000000,1.000000,1.000000,1.000000,1.000000,1.000000,1.000000,1.000000,1.000000,1.000000,1.000000,1.000000,1.000000,1.000000,1.000000,1.000000,0.000000,0.000000,0.000000,0.000000,1.000000,1.000000,1.000000,1.000000,1.000000,1.000000,1.000000,0.000000,1.000000,1.000000,1.000000,0.000000,0.000000,1.000000,1.000000,1.000000,1.000000,1.000000,1.000000,1.000000
0.000000,0.000000,1.000000,1.000000,1.000000,0.000000,0.000000,0.000000,0.000000,0.000000,0.000000,0.000000,0.000000,0.000000,1.000000,1.000000,1.000000,1.000000,1.000000,1.000000,0.000000,1.000000,1.000000,1.000000,1.000000,1.000000,1.000000,0.000000,1.000000,1.000000,1.000000,1.000000,1.000000,1.000000,1.000000,0.000000,1.000000,1.000000,1.000000,1.000000,1.000000,0.907609,0.971977,1.000000,1.000000,1.000000,1.000000,1.000000,1.000000,1.000000,1.000000,1.000000,1.000000,1.000000,1.000000,1.000000,0.000000,1.000000,1.000000,1.000000,1.000000,0.958380,1.000000,1.000000,1.000000,1.000000,1.000000,1.000000,1.000000,0.986369,1.000000,1.000000,1.000000,1.000000,1.000000,1.000000,0.000000,0.000000,0.000000,0.000000,1.000000,1.000000,1.000000,1.000000,1.000000,1.000000,1.000000,0.000000,0.000000,0.000000,0.000000,0.000000,0.000000,0.000000,1.000000,1.000000,1.000000,1.000000,1.000000,0.000000
0.000000,0.000000,0.000000,1.000000,1.000000,1.000000,1.000000,0.967077,0.000000,0.000000,0.000000,0.862993,1.000000,1.000000,1.000000,1.000000,1.000000,1.000000,1.000000,0.000000,0.000000,0.000000,0.867033,1.000000,1.000000,0.000000,0.000000,0.000000,0.000000,1.000000,1.000000,1.000000,1.000000,1.000000,0.000000,0.000000,0.000000,1.000000,1.000000,1.000000,0.000000,0.000000,0.000000,1.000000,1.000000,1.000000,1.000000,1.000000,1.000000,1.000000,1.000000,1.000000,1.000000,1.000000,1.000000,1.000000,0.000000,0.000000,0.000000,0.000000,0.000000,0.000000,1.000000,1.000000,1.000000,1.000000,1.000000,1.000000,1.000000,0.000000,1.000000,1.000000,1.000000,1.000000,1.000000,0.000000,0.949541,1.000000,1.000000,0.000000,1.000000,1.000000,1.000000,1.000000,1.000000,1.000000,1.000000,0.000000,0.000000,0.000000,0.000000,0.000000,1.000000,1.000000,1.000000,0.935842,1.000000,0.935842,0.000000,0.000000
0.000000,0.000000,1.000000,1.000000,1.000000,1.000000,1.000000,1.000000,0.000000,0.000000,1.000000,1.000000,1.000000,1.000000,1.000000,1.000000,0.000000,0.000000,0.000000,0.000000,0.000000,0.000000,0.000000,1.000000,1.000000,1.000000,1.000000,0.000000,0.000000,0.000000,0.000000,0.934334,1.000000,1.000000,1.000000,0.000000,0.000000,0.000000,0.000000,0.000000,0.000000,0.880113,0.881286,0.000000,1.000000,1.000000,1.000000,1.000000,0.000000,1.000000,1.000000,1.000000,1.000000,1.000000,1.000000,1.000000,0.000000,0.000000,0.000000,0.000000,0.000000,0.000000,0.000000,1.000000,1.000000,1.000000,1.000000,1.000000,1.000000,0.000000,0.000000,0.000000,0.000000,0.000000,0.000000,1.000000,1.000000,1.000000,1.000000,1.000000,1.000000,1.000000,1.000000,1.000000,1.000000,1.000000,0.000000,0.000000,0.000000,0.000000,0.000000,1.000000,1.000000,1.000000,1.000000,1.000000,0.894364,0.000000,0.000000,0.000000
0.000000,0.000000,1.000000,1.000000,1.000000,1.000000,1.000000,1.000000,1.000000,0.000000,1.000000,1.000000,1.000000,1.000000,1.000000,1.000000,0.000000,0.000000,0.000000,0.000000,0.000000,0.000000,1.000000,1.000000,1.000000,1.000000,1.000000,1.000000,0.000000,0.000000,0.000000,1.000000,1.000000,1.000000,1.000000,1.000000,0.863140,0.000000,0.000000,0.900866,1.000000,1.000000,1.000000,1.000000,0.908529,0.000000,0.000000,0.000000,0.000000,0.000000,1.000000,1.000000,1.000000,1.000000,1.000000,1.000000,0.000000,0.000000,0.000000,0.000000,0.000000,0.000000,0.000000,0.000000,1.000000,1.000000,1.000000,1.000000,0.000000,1.000000,1.000000,1.000000,1.000000,0.000000,0.944830,1.000000,1.000000,1.000000,1.000000,1.000000,1.000000,0.902745,1.000000,1.000000,1.000000,1.000000,1.000000,1.000000,0.967764,0.000000,1.000000,1.000000,1.000000,1.000000,1.000000,1.000000,1.000000,0.000000,0.000000,0.000000
0.000000,0.000000,1.000000,1.000000,1.000000,1.000000,1.000000,1.000000,1.000000,0.938747,1.000000,1.000000,1.000000,1.000000,1.000000,1.000000,1.000000,0.000000,0.000000,0.000000,0.000000,0.000000,1.000000,1.000000,1.000000,1.000000,1.000000,1.000000,1.000000,0.000000,1.000000,1.000000,1.000000,1.000000,1.000000,1.000000,1.000000,0.000000,0.000000,1.000000,1.000000,1.000000,1.000000,1.000000,1.000000,0.000000,0.000000,0.952171,1.000000,1.000000,0.000000,1.000000,1.000000,1.000000,1.000000,0.000000,0.000000,0.000000,0.000000,0.000000,0.000000,0.000000,0.000000,0.000000,0.000000,0.000000,0.000000,0.000000,1.000000,1.000000,1.000000,1.000000,1.000000,1.000000,1.000000,1.000000,1.000000,1.000000,1.000000,1.000000,1.000000,0.000000,0.000000,0.000000,1.000000,1.000000,1.000000,1.000000,1.000000,1.000000,1.000000,1.000000,1.000000,1.000000,1.000000,1.000000,1.000000,0.000000,0.000000,0.000000
0.000000,0.000000,1.000000,1.000000,1.000000,1.000000,1.000000,1.000000,1.000000,0.880452,1.000000,1.000000,1.000000,1.000000,1.000000,1.000000,0.977396,0.000000,0.000000,0.000000,0.000000,0.000000,1.000000,1.000000,1.000000,1.000000,1.000000,1.000000,1.000000,0.000000,1.000000,1.000000,1.000000,1.000000,1.000000,1.000000,1.000000,0.000000,0.945343,1.000000,1.000000,1.000000,1.000000,1.000000,1.000000,0.961203,1.000000,1.000000,1.000000,1.000000,1.000000,0.970127,0.000000,0.000000,0.000000,1.000000,1.000000,1.000000,0.945289,0.000000,0.000000,0.000000,1.000000,1.000000,1.000000,1.000000,0.000000,1.000000,1.000000,1.000000,1.000000,1.000000,1.000000,1.000000,1.000000,1.000000,1.000000,1.000000,1.000000,1.000000,1.000000,0.000000,0.000000,1.000000,1.000000,1.000000,1.000000,1.000000,1.000000,1.000000,1.000000,1.000000,1.000000,1.000000,1.000000,1.000000,1.000000,0.000000,0.000000,0.000000
0.000000,0.000000,0.918840,1.000000,1.000000,1.000000,1.000000,1.000000,0.000000,0.000000,1.000000,1.000000,1.000000,1.000000,1.000000,1.000000,0.000000,0.000000,0.000000,0.000000,0.000000,0.000000,1.000000,1.000000,1.000000,1.000000,1.000000,1.000000,1.000000,0.000000,1.000000,1.000000,1.000000,1.000000,1.000000,1.000000,1.000000,0.000000,0.968615,1.000000,1.000000,1.000000,1.000000,1.000000,1.000000,1.000000,1.000000,1.000000,1.000000,1.000000,1.000000,1.000000,0.000000,0.000000,1.000000,1.000000,1.000000,1.000000,1.000000,1.000000,0.000000,1.000000,1.000000,1.000000,1.000000,1.000000,1.000000,1.000000,1.000000,1.000000,1.000000,1.000000,1.000000,1.000000,0.000000,1.000000,1.000000,1.000000,1.000000,1.000000,1.000000,0.000000,0.000000,1.000000,1.000000,1.000000,1.000000,1.000000,1.000000,1.000000,0.889937,1.000000,1.000000,1.000000,1.000000,1.000000,1.000000,0.000000,0.000000,0.000000
0.000000,0.000000,0.000000,0.974686,1.000000,1.000000,1.000000,0.000000,0.000000,0.000000,0.000000,1.000000,1.000000,1.000000,1.000000,0.000000,0.000000,0.000000,0.000000,0.000000,0.000000,0.000000,1.000000,1.000000,1.000000,1.000000,1.000000,1.000000,0.000000,0.000000,0.918681,1.000000,1.000000,1.000000,1.000000,1.000000,1.000000,0.000000,0.000000,1.000000,1.000000,1.000000,1.000000,1.000000,1.000000,1.000000,1.000000,1.000000,1.000000,1.000000,1.000000,1.000000,0.000000,1.000000,1.000000,1.000000,1.000000,1.000000,1.000000,1.000000,0.903020,1.000000,1.000000,1.000000,1.000000,1.000000,1.000000,1.000000,1.000000,1.000000,1.000000,1.000000,1.000000,1.000000,0.000000,0.949258,1.000000,1.000000,1.000000,1.000000,0.000000,0.000000,0.000000,1.000000,1.000000,1.000000,1.000000,1.000000,1.000000,1.000000,0.000000,0.939925,1.000000,1.000000,1.000000,1.000000,0.000000,0.000000,0.000000,0.000000
0.000000,1.000000,1.000000,1.000000,1.000000,1.000000,0.000000,0.000000,0.000000,0.000000,0.000000,0.000000,0.000000,0.000000,0.000000,0.000000,1.000000,1.000000,1.000000,1.000000,0.000000,0.000000,0.000000,0.993780,1.000000,1.000000,1.000000,0.000000,0.000000,0.000000,0.000000,0.982296,1.000000,1.000000,1.000000,1.000000,0.000000,0.000000,0.000000,1.000000,1.000000,1.000000,1.000000,1.000000,1.000000,1.000000,1.000000,1.000000,1.000000,1.000000,1.000000,1.000000,0.000000,1.000000,1.000000,1.000000,1.000000,1.000000,1.000000,1.000000,0.990522,1.000000,1.000000,1.000000,1.000000,1.000000,1.000000,1.000000,1.000000,1.000000,1.000000,1.000000,1.000000,1.000000,0.000000,0.000000,0.000000,0.000000,0.000000,0.000000,0.000000,0.000000,0.000000,0.000000,1.000000,1.000000,1.000000,1.000000,1.000000,1.000000,0.000000,0.000000,0.000000,1.000000,1.000000,1.000000,1.000000,0.000000,0.000000,0.000000
1.000000,1.000000,1.000000,1.000000,1.000000,1.000000,1.000000,0.000000,0.000000,1.000000,1.000000,1.000000,0.989906,0.000000,0.000000,1.000000,1.000000,1.000000,1.000000,1.000000,1.000000,0.000000,0.000000,1.000000,1.000000,1.000000,1.000000,0.000000,0.000000,0.000000,0.000000,0.000000,0.970760,1.000000,0.000000,0.000000,0.000000,0.000000,0.000000,0.000000,0.000000,1.000000,1.000000,0.000000,0.000000,0.000000,1.000000,1.000000,1.000000,1.000000,1.000000,1.000000,0.000000,1.000000,1.000000,1.000000,1.000000,1.000000,1.000000,1.000000,0.000000,1.000000,1.000000,1.000000,1.000000,1.000000,1.000000,0.000000,0.000000,1.000000,1.000000,1.000000,0.931311,0.000000,0.000000,0.956811,1.000000,0.000000,0.000000,0.000000,0.000000,0.000000,0.000000,0.000000,0.000000,1.000000,1.000000,1.000000,1.000000,0.000000,0.000000,0.000000,1.000000,1.000000,1.000000,1.000000,1.000000,1.000000,0.000000,0.000000
1.000000,1.000000,1.000000,1.000000,1.000000,1.000000,1.000000,0.000000,1.000000,1.000000,1.000000,1.000000,1.000000,1.000000,0.924015,1.000000,1.000000,1.000000,1.000000,1.000000,1.000000,0.887704,1.000000,1.000000,1.000000,1.000000,1.000000,1.000000,0.000000,0.000000,0.890283,1.000000,1.000000,1.000000,1.000000,1.000000,0.000000,0.000000,0.000000,0.000000,0.000000,0.000000,0.000000,1.000000,1.000000,1.000000,0.938613,1.000000,1.000000,1.000000,1.000000,0.000000,0.866158,0.000000,1.000000,1.000000,1.000000,1.000000,1.000000,1.000000,0.000000,1.000000,1.000000,1.000000,1.000000,1.000000,1.000000,1.000000,1.000000,1.000000,1.000000,0.000000,0.000000,0.000000,1.000000,1.000000,1.000000,1.000000,1.000000,0.000000,0.000000,0.000000,1.000000,1.000000,0.000000,0.000000,0.000000,0.000000,0.000000,0.000000,0.000000,0.910726,1.000000,1.000000,1.000000,1.000000,1.000000,1.000000,0.000000,0.000000
1.000000,1.000000,1.000000,1.000000,1.000000,1.000000,1.000000,0.904638,1.000000,1.000000,1.000000,1.000000,1.000000,1.000000,1.000000,1.000000,1.000000,1.000000,1.000000,1.000000,1.000000,1.000000,1.000000,1.000000,1.000000,1.000000,1.000000,1.000000,0.000000,0.000000,1.000000,1.000000,1.000000,1.000000,1.000000,1.000000,0.000000,0.000000,0.000000,0.000000,0.000000,0.000000,1.000000,1.000000,1.000000,1.000000,1.000000,0.000000,0.000000,0.000000,1.000000,1.000000,1.000000,1.000000,1.000000,1.000000,1.000000,1.000000,1.000000,0.000000,0.000000,0.000000,0.978902,1.000000,1.000000,0.987899,1.000000,1.000000,1.000000,1.000000,1.000000,1.000000,0.000000,1.000000,1.000000,1.000000,1.000000,1.000000,1.000000,0.000000,0.000000,1.000000,1.000000,1.000000,1.000000,1.000000,0.000000,0.000000,0.000000,0.000000,0.000000,1.000000,1.000000,1.000000,1.000000,1.000000,1.000000,1.000000,0.936386,0.000000
1.000000,1.000000,1.000000,1.000000,1.000000,1.000000,1.000000,1.000000,1.000000,1.000000,1.000000,1.000000,1.000000,1.000000,0.910662,1.000000,1.000000,1.000000,1.000000,1.000000,1.000000,1.000000,1.000000,1.000000,1.000000,1.000000,1.000000,1.000000,0.918472,0.000000,1.000000,1.000000,1.000000,1.000000,1.000000,1.000000,1.000000,0.000000,0.000000,0.000000,0.000000,1.000000,1.000000,1.000000,1.000000,1.000000,1.000000,1.000000,0.000000,1.000000,1.000000,1.000000,1.000000,1.000000,1.000000,0.903176,0.000000,0.000000,1.000000,1.000000,1.000000,1.000000,0.000000,0.000000,0.000000,0.972276,1.000000,1.000000,1.000000,1.000000,1.000000,1.000000,0.000000,1.000000,1.000000,1.000000,1.000000,1.000000,1.000000,1.000000,1.000000,1.000000,1.000000,1.000000,1.000000,1.000000,0.934971,0.000000,0.000000,0.000000,0.000000,0.930735,1.000000,1.000000,1.000000,1.000000,1.000000,1.000000,0.000000,0.000000
0.000000,1.000000,1.000000,1.000000,1.000000,1.000000,0.000000,0.978107,1.000000,1.000000,1.000000,1.000000,1.000000,1.000000,0.000000,1.000000,1.000000,1.000000,1.000000,1.000000,1.000000,0.960906,1.000000,1.000000,1.000000,1.000000,1.000000,1.000000,0.000000,0.000000,1.000000,1.000000,1.000000,1.000000,1.000000,1.000000,1.000000,0.000000,0.000000,0.000000,0.000000,1.000000,1.000000,1.000000,1.000000,1.000000,1.000000,1.000000,0.000000,1.000000,1.000000,1.000000,1.000000,1.000000,1.000000,1.000000,0.000000,1.000000,1.000000,1.000000,1.000000,1.000000,1.000000,0.000000,0.000000,1.000000,1.000000,1.000000,1.000000,1.000000,1.000000,1.000000,0.891662,1.000000,1.000000,1.000000,1.000000,1.000000,1.000000,1.000000,1.000000,1.000000,1.000000,1.000000,1.000000,1.000000,1.000000,0.000000,0.000000,0.000000,0.000000,0.000000,1.000000,1.000000,1.000000,1.000000,1.000000,1.000000,0.000000,0.000000
0.000000,0.000000,0.884279,1.000000,0.884279,0.000000,0.000000,0.000000,1.000000,1.000000,1.000000,1.000000,1.000000,1.000000,0.000000,0.000000,0.990716,1.000000,1.000000,0.975643,0.000000,0.000000,1.000000,1.000000,1.000000,1.000000,1.000000,1.000000,0.000000,0.000000,1.000000,1.000000,1.000000,1.000000,1.000000,1.000000,0.000000,0.000000,0.000000,0.000000,0.000000,1.000000,1.000000,1.000000,1.000000,1.000000,1.000000,1.000000,0.000000,1.000000,1.000000,1.000000,1.000000,1.000000,1.000000,1.000000,1.000000,1.000000,1.000000,1.000000,1.000000,1.000000,1.000000,0.000000,0.000000,0.962363,1.000000,1.000000,1.000000,1.000000,1.000000,1.000000,0.000000,1.000000,1.000000,1.000000,1.000000,1.000000,1.000000,0.000000,1.000000,1.000000,1.000000,1.000000,1.000000,1.000000,1.000000,0.000000,0.000000,0.000000,0.000000,0.000000,0.000000,1.000000,1.000000,1.000000,1.000000,0.000000,0.000000,0.000000
0.000000,0.000000,0.000000,0.000000,1.000000,1.000000,1.000000,1.000000,0.000000,1.000000,1.000000,1.000000,1.000000,0.000000,0.000000,0.000000,0.000000,0.000000,0.000000,0.000000,0.000000,0.000000,0.000000,1.000000,1.000000,1.000000,1.000000,0.000000,0.000000,0.000000,0.000000,1.000000,1.000000,1.000000,1.000000,1.000000,0.000000,1.000000,1.000000,1.000000,0.872462,1.000000,1.000000,1.000000,1.000000,1.000000,1.000000,0.923627,0.000000,1.000000,1.000000,1.000000,1.000000,1.000000,1.000000,1.000000,1.000000,1.000000,1.000000,1.000000,1.000000,1.000000,1.000000,0.883241,0.000000,0.000000,1.000000,1.000000,1.000000,1.000000,1.000000,1.000000,0.000000,0.000000,1.000000,1.000000,1.000000,1.000000,1.000000,0.000000,1.000000,1.000000,1.000000,1.000000,1.000000,1.000000,0.869986,0.000000,0.000000,0.000000,0.948139,1.000000,1.000000,1.000000,0.000000,0.000000,0.000000,0.000000,0.000000,0.000000
0.000000,0.000000,0.000000,1.000000,1.000000,1.000000,1.000000,1.000000,1.000000,0.000000,0.000000,0.000000,0.000000,0.000000,0.974043,1.000000,1.000000,1.000000,1.000000,0.000000,0.000000,0.000000,1.000000,1.000000,1.000000,0.863973,0.000000,0.000000,0.000000,0.911716,1.000000,1.000000,1.000000,0.956296,0.000000,0.000000,1.000000,1.000000,1.000000,1.000000,1.000000,0.963560,1.000000,1.000000,1.000000,1.000000,1.000000,0.000000,0.935997,0.000000,1.000000,1.000000,1.000000,1.000000,1.000000,0.000000,0.886016,1.000000,1.000000,1.000000,1.000000,1.000000,1.000000,0.000000,0.000000,0.000000,0.000000,1.000000,1.000000,1.000000,1.000000,0.000000,0.901319,1.000000,0.959751,0.926204,0.974498,0.000000,0.000000,0.000000,0.000000,1.000000,1.000000,1.000000,1.000000,1.000000,0.000000,0.000000,0.000000,0.991817,1.000000,1.000000,1.000000,1.000000,1.000000,0.000000,0.000000,0.000000,0.000000,0.000000
0.000000,0.000000,0.000000,1.000000,1.000000,1.000000,1.000000,1.000000,1.000000,0.970477,0.000000,0.000000,0.000000,0.000000,1.000000,1.000000,1.000000,1.000000,1.000000,1.000000,0.000000,1.000000,1.000000,1.000000,1.000000,1.000000,1.000000,0.000000,1.000000,1.000000,1.000000,1.000000,1.000000,1.000000,0.000000,1.000000,1.000000,1.000000,1.000000,1.000000,1.000000,1.000000,0.000000,0.000000,0.000000,0.000000,1.000000,1.000000,1.000000,1.000000,1.000000,1.000000,1.000000,0.923744,0.000000,0.000000,0.000000,1.000000,1.000000,1.000000,1.000000,1.000000,1.000000,0.000000,1.000000,1.000000,1.000000,1.000000,1.000000,0.000000,0.000000,1.000000,1.000000,1.000000,1.000000,1.000000,0.000000,0.000000,0.000000,0.000000,0.000000,0.000000,0.000000,1.000000,1.000000,0.000000,0.000000,0.000000,0.000000,1.000000,1.000000,1.000000,1.000000,1.000000,1.000000,1.000000,0.000000,0.000000,0.000000,0.000000
0.000000,0.000000,0.906621,1.000000,1.000000,1.000000,1.000000,1.000000,1.000000,1.000000,0.000000,0.000000,0.000000,1.000000,1.000000,1.000000,1.000000,1.000000,1.000000,1.000000,0.956378,1.000000,1.000000,1.000000,1.000000,1.000000,1.000000,0.000000,1.000000,1.000000,1.000000,1.000000,1.000000,1.000000,0.000000,1.000000,1.000000,1.000000,1.000000,1.000000,1.000000,1.000000,0.000000,0.000000,0.000000,1.000000,1.000000,1.000000,1.000000,1.000000,1.000000,0.997652,0.000000,0.000000,0.000000,0.000000,0.000000,0.000000,0.966956,1.000000,1.000000,0.877429,0.000000,1.000000,1.000000,1.000000,1.000000,1.000000,1.000000,1.000000,1.000000,1.000000,1.000000,1.000000,1.000000,1.000000,1.000000,0.000000,0.000000,0.000000,0.000000,0.000000,1.000000,1.000000,1.000000,1.000000,1.000000,0.000000,0.000000,1.000000,1.000000,1.000000,1.000000,1.000000,1.000000,1.000000,0.000000,0.000000,0.000000,0.000000
0.000000,0.000000,0.000000,1.000000,1.000000,1.000000,1.000000,1.000000,1.000000,0.925432,0.000000,0.000000,0.000000,1.000000,1.000000,1.000000,1.000000,1.000000,1.000000,1.000000,1.000000,1.000000,1.000000,1.000000,1.000000,1.000000,1.000000,0.944242,1.000000,1.000000,1.000000,1.000000,1.000000,1.000000,1.000000,1.000000,1.000000,1.000000,1.000000,1.000000,1.000000,1.000000,0.000000,0.000000,0.000000,1.000000,1.000000,1.000000,1.000000,1.000000,1.000000,1.000000,0.000000,0.000000,0.000000,0.000000,0.000000,0.000000,0.000000,0.000000,0.000000,0.000000,0.000000,1.000000,1.000000,1.000000,1.000000,1.000000,1.000000,1.000000,1.000000,1.000000,1.000000,1.000000,1.000000,1.000000,1.000000,0.000000,0.000000,0.000000,0.000000,1.000000,1.000000,1.000000,1.000000,1.000000,1.000000,1.000000,0.000000,1.000000,1.000000,1.000000,1.000000,1.000000,1.000000,1.000000,0.000000,0.000000,0.000000,0.000000
0.000000,0.000000,0.000000,1.000000,1.000000,1.000000,1.000000,1.000000,1.000000,0.000000,0.000000,0.000000,0.000000,0.929675,1.000000,1.000000,1.000000,1.000000,1.000000,1.000000,1.000000,1.000000,1.000000,1.000000,1.000000,1.000000,1.000000,0.871271,1.000000,1.000000,1.000000,1.000000,1.000000,1.000000,0.965054,0.000000,1.000000,1.000000,1.000000,1.000000,1.000000,1.000000,0.000000,0.000000,0.000000,1.000000,1.000000,1.000000,1.000000,1.000000,1.000000,1.000000,0.000000,0.000000,0.000000,0.000000,0.000000,0.000000,0.000000,0.000000,0.000000,0.000000,0.000000,1.000000,1.000000,1.000000,1.000000,1.000000,1.000000,1.000000,1.000000,1.000000,1.000000,1.000000,1.000000,1.000000,1.000000,0.000000,0.000000,0.000000,0.000000,1.000000,1.000000,1.000000,1.000000,1.000000,1.000000,1.000000,0.000000,1.000000,1.000000,1.000000,1.000000,1.000000,1.000000,0.000000,0.000000,0.000000,0.000000,0.000000
0.000000,0.000000,0.000000,0.000000,1.000000,1.000000,1.000000,1.000000,0.000000,0.000000,0.000000,0.000000,0.000000,0.000000,1.000000,1.000000,1.000000,1.000000,1.000000,0.939280,0.000000,1.000000,1.000000,1.000000,1.000000,1.000000,1.000000,0.000000,1.000000,1.000000,1.000000,1.000000,1.000000,1.000000,0.000000,0.000000,0.902199,1.000000,1.000000,1.000000,1.000000,0.000000,0.000000,0.000000,0.000000,1.000000,1.000000,1.000000,1.000000,1.000000,1.000000,1.000000,0.000000,0.000000,0.000000,0.000000,0.000000,0.000000,0.000000,0.000000,0.000000,0.000000,0.000000,1.000000,1.000000,1.000000,1.000000,1.000000,1.000000,1.000000,1.000000,1.000000,1.000000,1.000000,1.000000,1.000000,1.000000,0.000000,0.000000,0.000000,0.000000,1.000000,1.000000,1.000000,1.000000,1.000000,1.000000,1.000000,0.000000,0.000000,0.984548,1.000000,1.000000,1.000000,0.000000,0.000000,0.000000,0.000000,0.000000,0.000000
0.000000,0.921965,1.000000,1.000000,1.000000,0.941583,0.000000,0.000000,0.000000,0.000000,0.000000,0.000000,0.000000,0.000000,0.000000,0.916592,1.000000,1.000000,0.000000,0.863777,0.000000,0.882150,1.000000,1.000000,1.000000,1.000000,0.000000,0.000000,0.000000,1.000000,1.000000,1.000000,1.000000,0.000000,0.000000,0.000000,0.000000,0.000000,0.000000,1.000000,1.000000,0.934630,0.000000,0.000000,0.000000,0.000000,1.000000,1.000000,1.000000,1.000000,1.000000,0.000000,0.000000,0.000000,0.000000,0.000000,0.000000,0.000000,0.000000,1.000000,1.000000,1.000000,1.000000,0.870090,1.000000,1.000000,1.000000,1.000000,1.000000,0.000000,0.000000,1.000000,1.000000,1.000000,1.000000,1.000000,0.000000,0.000000,0.000000,0.000000,0.000000,1.000000,1.000000,1.000000,1.000000,1.000000,1.000000,1.000000,0.000000,0.000000,0.000000,0.000000,0.000000,0.000000,1.000000,1.000000,1.000000,1.000000,0.000000,0.000000
0.904540,1.000000,1.000000,1.000000,1.000000,1.000000,0.933863,0.000000,0.000000,0.000000,0.000000,0.000000,0.000000,0.000000,0.000000,0.000000,0.000000,1.000000,1.000000,1.000000,1.000000,0.996783,0.000000,0.000000,0.947986,1.000000,1.000000,1.000000,0.000000,0.000000,0.000000,0.000000,1.000000,1.000000,1.000000,0.000000,0.000000,0.885204,1.000000,1.000000,1.000000,1.000000,1.000000,0.000000,0.000000,0.000000,0.000000,0.955644,1.000000,0.881078,0.000000,0.000000,1.000000,1.000000,1.000000,1.000000,0.000000,0.000000,1.000000,1.000000,1.000000,1.000000,1.000000,1.000000,0.000000,1.000000,1.000000,1.000000,0.000000,0.000000,0.000000,0.000000,0.000000,0.925162,0.000000,1.000000,1.000000,1.000000,1.000000,0.000000,0.000000,0.000000,1.000000,1.000000,1.000000,1.000000,1.000000,0.938201,1.000000,1.000000,0.000000,0.000000,0.000000,1.000000,1.000000,1.000000,1.000000,1.000000,1.000000,0.000000
1.000000,1.000000,1.000000,1.000000,1.000000,1.000000,1.000000,0.000000,0.000000,0.000000,0.000000,0.000000,0.000000,0.000000,0.000000,0.000000,1.000000,1.000000,1.000000,1.000000,1.000000,1.000000,0.000000,1.000000,1.000000,1.000000,1.000000,1.000000,1.000000,0.000000,0.976523,1.000000,1.000000,1.000000,1.000000,1.000000,0.000000,1.000000,1.000000,1.000000,1.000000,1.000000,1.000000,0.988533,0.000000,1.000000,1.000000,1.000000,1.000000,0.929926,0.000000,1.000000,1.000000,1.000000,1.000000,1.000000,1.000000,0.000000,1.000000,1.000000,1.000000,1.000000,1.000000,1.000000,1.000000,0.000000,0.000000,0.000000,0.000000,0.000000,0.000000,0.000000,0.000000,0.000000,1.000000,1.000000,1.000000,1.000000,1.000000,1.000000,0.000000,0.000000,0.000000,0.867600,0.983808,0.000000,1.000000,1.000000,1.000000,1.000000,1.000000,0.978403,1.000000,1.000000,1.000000,1.000000,1.000000,1.000000,1.000000,0.000000
1.000000,1.000000,1.000000,1.000000,1.000000,1.000000,1.000000,0.000000,0.000000,0.000000,0.000000,0.000000,0.000000,0.000000,0.000000,0.000000,1.000000,1.000000,1.000000,1.000000,1.000000,1.000000,1.000000,1.000000,1.000000,1.000000,1.000000,1.000000,1.000000,1.000000,1.000000,1.000000,1.000000,1.000000,1.000000,1.000000,0.997299,1.000000,1.000000,1.000000,1.000000,1.000000,1.000000,1.000000,1.000000,1.000000,1.000000,1.000000,1.000000,1.000000,0.000000,1.000000,1.000000,1.000000,1.000000,1.000000,1.000000,1.000000,1.000000,1.000000,1.000000,1.000000,1.000000,1.000000,1.000000,0.000000,0.000000,0.000000,0.000000,0.000000,0.000000,0.000000,0.000000,0.000000,1.000000,1.000000,1.000000,1.000000,1.000000,1.000000,0.982337,0.000000,0.000000,0.000000,0.000000,0.919751,1.000000,1.000000,1.000000,1.000000,1.000000,1.000000,1.000000,1.000000,1.000000,1.000000,1.000000,1.000000,1.000000,0.000000
1.000000,1.000000,1.000000,1.000000,1.000000,1.000000,1.000000,0.000000,0.000000,0.000000,0.000000,0.000000,0.000000,0.000000,0.000000,0.000000,1.000000,1.000000,1.000000,1.000000,1.000000,1.000000,1.000000,1.000000,1.000000,1.000000,1.000000,1.000000,1.000000,1.000000,1.000000,1.000000,1.000000,1.000000,1.000000,1.000000,1.000000,1.000000,1.000000,1.000000,1.000000,1.000000,1.000000,1.000000,1.000000,1.000000,1.000000,1.000000,1.000000,1.000000,1.000000,1.000000,1.000000,1.000000,1.000000,1.000000,1.000000,1.000000,1.000000,1.000000,1.000000,1.000000,1.000000,1.000000,1.000000,0.000000,0.000000,0.000000,0.000000,0.000000,0.000000,0.000000,0.000000,0.911808,1.000000,1.000000,1.000000,1.000000,1.000000,1.000000,1.000000,0.000000,0.000000,0.000000,0.000000,1.000000,1.000000,1.000000,1.000000,1.000000,1.000000,1.000000,1.000000,1.000000,1.000000,1.000000,1.000000,1.000000,1.000000,0.000000
0.000000,1.000000,1.000000,1.000000,1.000000,1.000000,0.883741,0.000000,0.000000,0.000000,0.000000,0.000000,0.000000,0.000000,0.000000,0.000000,1.000000,1.000000,1.000000,1.000000,1.000000,1.000000,0.902114,1.000000,1.000000,1.000000,1.000000,1.000000,1.000000,1.000000,1.000000,1.000000,1.000000,1.000000,1.000000,1.000000,1.000000,1.000000,1.000000,1.000000,1.000000,1.000000,1.000000,0.000000,1.000000,1.000000,1.000000,1.000000,1.000000,1.000000,1.000000,1.000000,1.000000,1.000000,1.000000,1.000000,1.000000,1.000000,1.000000,1.000000,1.000000,1.000000,1.000000,1.000000,0.000000,0.000000,0.000000,0.000000,0.000000,0.000000,0.000000,0.000000,0.000000,0.000000,1.000000,1.000000,1.000000,1.000000,1.000000,1.000000,0.894033,0.000000,0.000000,0.000000,0.000000,1.000000,1.000000,1.000000,1.000000,1.000000,1.000000,1.000000,0.000000,1.000000,1.000000,1.000000,1.000000,1.000000,1.000000,0.000000
0.000000,0.000000,1.000000,1.000000,1.000000,0.866499,0.000000,0.000000,0.000000,0.000000,0.000000,0.000000,0.000000,0.000000,0.000000,0.000000,0.919572,1.000000,1.000000,1.000000,1.000000,1.000000,0.000000,1.000000,1.000000,1.000000,1.000000,1.000000,1.000000,0.000000,1.000000,1.000000,1.000000,1.000000,1.000000,1.000000,0.000000,0.000000,1.000000,1.000000,1.000000,1.000000,1.000000,0.000000,1.000000,1.000000,1.000000,1.000000,1.000000,1.000000,0.928246,1.000000,1.000000,1.000000,1.000000,1.000000,1.000000,0.000000,0.000000,0.896070,1.000000,1.000000,1.000000,0.000000,0.000000,0.000000,0.000000,0.000000,0.000000,0.000000,0.000000,0.000000,0.000000,0.000000,1.000000,1.000000,1.000000,1.000000,1.000000,1.000000,0.000000,0.000000,0.000000,0.000000,0.000000,0.000000,1.000000,1.000000,1.000000,1.000000,1.000000,1.000000,0.000000,0.000000,1.000000,1.000000,1.000000,0.966632,0.000000,0.000000
0.000000,0.000000,0.000000,0.000000,0.000000,0.000000,0.000000,0.000000,0.000000,0.000000,0.000000,0.000000,0.000000,0.000000,0.000000,0.000000,0.000000,0.000000,1.000000,1.000000,0.871841,0.000000,0.000000,0.000000,1.000000,1.000000,1.000000,1.000000,0.000000,0.000000,0.000000,1.000000,1.000000,1.000000,1.000000,0.919100,0.000000,0.000000,0.000000,0.000000,0.000000,0.000000,0.000000,0.000000,0.978975,1.000000,1.000000,1.000000,1.000000,1.000000,0.000000,0.000000,0.903784,1.000000,1.000000,1.000000,0.000000,0.000000,0.000000,0.000000,0.000000,0.000000,0.000000,0.000000,0.000000,0.000000,0.000000,0.000000,0.000000,0.000000,0.000000,0.000000,0.000000,0.000000,0.000000,0.967300,1.000000,1.000000,1.000000,0.000000,0.000000,0.000000,0.000000,0.000000,0.000000,0.000000,0.931943,1.000000,1.000000,1.000000,1.000000,0.000000,0.000000,0.000000,0.000000,0.000000,0.000000,0.000000,0.000000,0.000000
0.000000,0.000000,0.000000,0.000000,0.000000,0.000000,0.000000,0.000000,0.000000,0.000000,0.000000,0.000000,0.000000,0.000000,0.000000,0.000000,0.000000,0.000000,0.000000,0.000000,0.000000,0.000000,0.000000,0.000000,0.000000,0.000000,0.000000,0.000000,0.000000,0.000000,0.000000,0.000000,0.000000,0.000000,0.000000,0.000000,0.000000,0.000000,0.000000,0.000000,0.000000,0.000000,0.000000,0.000000,0.000000,0.000000,1.000000,1.000000,0.947794,0.000000,0.000000,0.000000,0.000000,0.000000,0.000000,0.000000,0.000000,0.000000,0.000000,0.000000,0.000000,0.000000,0.000000,0.000000,0.000000,0.000000,0.000000,0.000000,0.000000,0.000000,0.000000,0.000000,0.000000,0.000000,0.000000,0.000000,0.000000,0.000000,0.000000,0.000000,0.000000,0.000000,0.000000,0.000000,0.000000,0.000000,0.000000,0.000000,0.000000,0.000000,0.000000,0.000000,0.000000,0.000000,0.000000,0.000000,0.000000,0.000000,0.000000,0.000000
0.000000,0.000000,0.000000,0.000000,0.000000,0.000000,0.000000,0.000000,0.000000,0.000000,0.000000,0.000000,0.000000,0.000000,0.000000,0.000000,0.000000,0.000000,0.000000,0.000000,0.000000,0.000000,0.000000,0.000000,0.000000,0.000000,0.000000,0.000000,0.000000,0.000000,0.000000,0.000000,0.000000,0.000000,0.000000,0.000000,0.000000,0.000000,0.000000,0.000000,0.000000,0.000000,0.000000,0.000000,0.000000,0.000000,0.000000,0.000000,0.000000,0.000000,0.000000,0.000000,0.000000,0.000000,0.000000,0.000000,0.000000,0.000000,0.000000,0.000000,0.000000,0.000000,0.000000,0.000000,0.000000,0.000000,0.000000,0.000000,0.000000,0.000000,0.000000,0.000000,0.000000,0.000000,0.000000,0.000000,0.000000,0.000000,0.000000,0.000000,0.000000,0.000000,0.000000,0.000000,0.000000,0.000000,0.000000,0.000000,0.000000,0.000000,0.000000,0.000000,0.000000,0.000000,0.000000,0.000000,0.000000,0.000000,0.000000,0.000000
0.000000,0.000000,0.000000,0.000000,0.000000,0.000000,0.000000,0.000000,0.000000,0.000000,0.000000,0.000000,0.000000,0.000000,0.000000,0.000000,0.000000,0.000000,0.000000,0.000000,0.000000,0.000000,0.000000,0.000000,0.000000,0.000000,0.000000,0.000000,0.000000,0.000000,0.000000,0.000000,0.000000,0.000000,0.000000,0.000000,0.000000,0.000000,0.000000,0.000000,0.000000,0.000000,0.000000,0.000000,0.000000,0.000000,0.000000,0.000000,0.000000,0.000000,0.000000,0.000000,0.000000,0.000000,0.000000,0.000000,0.000000,0.000000,0.000000,0.000000,0.000000,0.000000,0.000000,0.000000,0.000000,0.000000,0.000000,0.000000,0.000000,0.000000,0.000000,0.000000,0.000000,0.000000,0.000000,0.000000,0.000000,0.000000,0.000000,0.000000,0.000000,0.000000,0.000000,0.000000,0.000000,0.000000,0.000000,0.000000,0.000000,0.000000,0.000000,0.000000,0.000000,0.000000,0.000000,0.000000,0.000000,0.000000,0.000000,0.000000
0.000000,0.000000,0.000000,0.000000,0.000000,0.000000,0.000000,0.000000,0.000000,0.000000,0.000000,0.000000,0.000000,0.000000,0.000000,0.000000,0.000000,0.000000,0.000000,0.000000,0.000000,0.000000,0.000000,0.000000,0.000000,0.000000,0.000000,0.000000,0.000000,0.000000,0.000000,0.000000,0.000000,0.000000,0.000000,0.000000,0.000000,0.000000,0.000000,0.000000,0.000000,0.000000,0.000000,0.000000,0.000000,0.000000,0.000000,0.000000,0.000000,0.000000,0.000000,0.000000,0.000000,0.000000,0.000000,0.000000,0.000000,0.000000,0.000000,0.000000,0.000000,0.000000,0.000000,0.000000,0.000000,0.000000,0.000000,0.000000,0.000000,0.000000,0.000000,0.000000,0.000000,0.000000,0.000000,0.000000,0.000000,0.000000,0.000000,0.000000,0.000000,0.000000,0.000000,0.000000,0.000000,0.000000,0.000000,0.000000,0.000000,0.000000,0.000000,0.000000,0.000000,0.000000,0.000000,0.000000,0.000000,0.000000,0.000000,0.000000
